ID,einstein_radius,einstein_radius_err3sig_lo,einstein_radius_err3sig_hi,source_effective_radius,source_re_err3sig_lo,source_re_err3sig_hi,snr_arc_model,chi2_per_pix
KiDSDR4_J000012.031-310943.35,1.0139180694912941,0.0431887416932365,0.05345917654698673,1.31827476479913,0.0923367419692851,0.1078476430120825,193.44468162353837,1.9016763977772742
KiDSDR4_J000052.387-330330.92,1.754637459868251,0.25051245430859703,0.3066340735676891,1.4533271327024913,0.22158957249301303,0.1870291665511319,69.62042611163409,1.2723136201285299
KiDSDR4_J000110.222-351533.95,2.615005965945794,0.004639106446175489,0.004832897324115848,2.0891871372579054,0.21724623777642327,0.2662037236279473,89.82172019444549,2.8293232089965423
KiDSDR4_J000239.985-294635.77,0.8149842887561951,0.05645589905301229,0.04721534457651255,0.3924109868924148,0.06824062824658922,0.09264589838934778,77.8902810918187,2.468339985153482
KiDSDR4_J000439.793-280507.82,3.9463688992837858,0.8891157155034906,0.24515389391581577,1.750498318410396,0.9067244810975901,1.0686216947049756,18.867403194965895,1.5599815736195413
KiDSDR4_J000517.478-352342.48,1.0165852737432344,0.04922787837154097,0.0570193766474012,4.415297627453749,1.5443210264937894,0.9404099987307974,112.77253204048243,1.024599206153321
KiDSDR4_J000820.374-342718.99,3.9998588337878385,0.006159086594404339,0.0007912506615155301,0.029649702033151985,0.0036065950055810536,0.0029180631886275704,9.681978660398821,13.981388725055886
KiDSDR4_J000837.779-330700.01,2.574392532916588,0.05882467770130395,0.05862956529451191,1.032094392648582,0.0805766105181388,0.1013807782132623,119.32791356714237,2.9116229398529034
KiDSDR4_J000856.019-284610.08,3.959107289624166,0.006600200367654185,0.012831028215278817,0.49538002012763865,0.10332567560362504,0.40445624051349793,25.30772309709535,2.652491544857998
KiDSDR4_J001625.370-313425.35,3.9904592826421865,1.5404734384487884,0.3206593518785632,1.3825592166846152,0.04089057081546388,0.03694368368335965,121.13206237250789,4.85553918589033
KiDSDR4_J001659.713-293119.84,1.3378672664927376,0.10889334688560504,0.13287423234526208,1.1526626198766043,0.05699040392170951,0.057646254245069084,175.9847352859548,2.255994801614804
KiDSDR4_J001701.686-280827.57,1.5444250266659034,0.30829972214283763,0.26460210072047663,0.6248931049436043,0.05512448151520877,0.05810158687781963,53.10407988290836,1.0990882028370552
KiDSDR4_J001810.363-285609.54,1.15327261985384,0.004328152484404324,0.004049629479694783,8.203851107614668,0.49784395521855895,0.43550877873137495,159.9218637703836,3.552270458119777
KiDSDR4_J001941.102-332229.42,1.6024077250299738,0.27796745149788715,0.2093920605215851,1.331302243816077,0.12935362802199113,0.1517844238987094,92.51984974583115,1.641346348111222
KiDSDR4_J002105.099-283818.44,3.992426434885347,0.31880439276209227,0.04526431438341749,3.923465111098341,2.4685392550722516,11.77914553267186,36.30970878369128,1.4380728619912466
KiDSDR4_J002516.888-293016.99,3.1524746507037444,0.27275429909307736,0.46017367312753654,0.5552302076848703,0.34192836252480907,1.0305678870683042,11.605196226794225,1.3954954886958308
KiDSDR4_J003151.142-312638.83,3.834466496078737,0.02307431339868815,0.03405761454028644,0.021163556651656423,0.0003583176017214751,0.0004786740228814555,19.16067408493291,3.749064630135665
KiDSDR4_J004204.610-323222.56,1.138048008835618,0.16351418657378902,0.16235013457492053,2.711518180314211,0.2254028193201525,0.2805542421403149,197.8596647277903,2.5134598482084627
KiDSDR4_J004439.128-291957.30,2.08566170846902,0.10949653442224205,0.1713187543875483,0.7556801060860072,0.3143231795655075,0.35229613079073074,24.788504846593625,2.1612619336060264
KiDSDR4_J004558.739-331451.79,3.7178611019579977,0.34368064863763115,0.2540478196000824,0.31442460792262394,0.04968104867714829,0.05697525558122096,25.448815585905464,1.1540733044787634
KiDSDR4_J005404.848-305809.32,1.2261805726653965,0.11407658298553391,0.18240615364113877,11.558485704199532,4.416002392556946,5.829613298365926,98.8032973118709,1.7961274467930184
KiDSDR4_J010127.840-334319.40,2.1787969279329147,0.012392999272274885,0.011744368962923968,0.5863356901689716,0.22059123726198526,0.2067346243758985,92.32551048776601,1.4825880010268313
KiDSDR4_J010257.486-291121.76,1.1431692849518358,0.19133170102606734,0.21516706409075526,2.3243013964204002,0.4881630674695543,0.7959770056972175,99.9300649562445,1.068241405556879
KiDSDR4_J010606.232-310437.84,1.9917243578167647,0.11341699896228175,0.17779705404568213,9.468000693292312,3.4289558715047823,3.029761813928335,52.21752368389842,1.6887588400977673
KiDSDR4_J010642.065-342401.02,2.982175744057932,0.10282475045971129,0.09472919382517375,0.9141240620096127,0.290921455264194,0.6201352397270306,46.72559102052297,1.3764967460935857
KiDSDR4_J010704.918-312841.03,3.9862322142517943,0.002967020992045377,0.006175569332519171,4.225105107143757,0.6422024692923882,0.4299328034443439,13.988581372977592,3.6242042076524306
KiDSDR4_J011045.486-290822.53,1.0600679593325564,0.049267216937144864,0.06014010748119647,2.387598763130929,0.681799219230762,1.5099777876086726,162.80163437157432,3.4029788340478224
KiDSDR4_J011153.430-314227.41,1.6493492653105974,0.1380782721721563,0.07692169432427298,26.831960081385308,11.330987565263584,3.398787807242062,93.89007209203635,1.45226468009016
KiDSDR4_J013403.712-303226.82,1.3098614787638259,0.1182071094383883,0.08412989146895544,2.406992097455002,0.19826909326355135,0.20835211567796685,264.77363135216973,3.3066812481010053
KiDSDR4_J013425.700-295652.42,1.5843880187771544,0.05166516273581667,0.0680212908724529,0.02444016001188679,0.0071644254943804345,0.026171599657177854,32.0862083887046,1.477564975603917
KiDSDR4_J013538.811-291531.46,1.860766566344044,0.07621224628890588,0.08921403539410888,1.4657240400697744,0.2536907554299881,0.33778389369974904,93.2826014303957,2.8575987140200065
KiDSDR4_J013823.201-284408.09,2.963069416804138,0.04433584198037899,0.3867917545371289,6.914496285282875,0.9003254127169651,1.43607565852649,206.07305005416154,2.0041171413911774
KiDSDR4_J014518.788-290539.92,3.973802596647481,0.04305741297609966,0.025800272761078435,0.020224000379450238,0.0003072596283061231,0.0007647138765008443,12.609554497926249,4.914067773877116
KiDSDR4_J015059.897-290846.27,1.360682102351103,0.04449690712582033,0.06036868627534164,0.1452650806701088,0.022648532278362568,0.019282863829801183,16.90877951672949,1.914095153188149
KiDSDR4_J015116.013-290024.17,3.9850294720779567,0.034952097600310594,0.007689102278339632,1.210341996336518,0.5397094461094256,0.45809133413968994,15.52602525822043,1.8107723257129757
KiDSDR4_J015907.457-334415.29,3.9954725957872266,0.13391873256593367,0.02295552899013975,0.5900089751600387,0.11071540442136796,0.0740675480504176,15.784944960283504,2.5191573070554334
KiDSDR4_J015928.393-330950.36,1.4942171979515815,0.12248755248384224,0.074387123890574,0.4149459436456095,0.23032270283174588,0.38664294319447573,37.09014585860177,1.5489342632351357
KiDSDR4_J020505.970-331746.64,2.967170340021126,0.1606409317088766,0.1371903584485823,1.877714835477668,0.7519455456034347,0.8960554763261455,52.769970471626415,1.446340597474403
KiDSDR4_J021110.350-302848.25,1.2653886607850193,0.15376241179202776,0.11042624289008285,1.6712323963356943,0.06659830304248682,0.07873915314628088,232.69744193707234,1.6681101941634715
KiDSDR4_J021504.013-284248.57,1.439393063357443,0.10530408270697733,0.0981372879339586,0.36978906690853613,0.02737660693435995,0.03056332494014563,53.204385211845924,4.278424683832345
KiDSDR4_J021555.605-342425.72,3.999684814507703,0.020255491438671225,0.0072548985348888095,0.020043689462493325,0.0004455936757276034,0.0027876702371362506,-3.2174014732719023,3.0742838626804887
KiDSDR4_J021704.094-321155.44,3.9988064491290465,0.190271305414476,0.028122846988904104,1.422900353932342,0.17076242489960558,0.21431348684758578,105.1490457741216,2.307038005101065
KiDSDR4_J021908.779-333119.81,3.9555634783664355,0.004205838067339762,0.007941890469505886,0.02001471572315981,1.9865695977228093e-05,0.0001318807405307522,37.3452573686932,6.448028505820935
KiDSDR4_J021932.170-332719.74,2.670070966561754,0.24003630019884037,0.1602547530794216,0.021061122429454442,0.0022581691977046313,0.009371889460860334,20.47490442977992,1.3102235444659243
KiDSDR4_J022816.291-292345.63,1.3673580258468314,0.16258962948105737,0.21098048458735774,3.168088968674886,0.525780292020745,0.6252319571352607,87.9218519865461,1.5408590566509477
KiDSDR4_J023300.432-330820.16,1.6139338012045543,0.07417029576247725,0.06907309429040254,2.062315770508184,0.6831689104748743,0.7864416322129351,63.48863298383601,3.0394336059486826
KiDSDR4_J023315.143-290354.57,1.2927310799522647,0.12426955878349033,0.09134675235506262,2.001493390752488,1.0327330751032529,1.3694964586594003,41.430214704193254,1.343240687771291
KiDSDR4_J023714.701-280719.03,2.6155203433033782,0.5938890994304937,0.42784812868002486,3.722227717016786,0.10870023458403777,0.14270922781683337,46.98679532021316,3.615736157651022
KiDSDR4_J024126.819-284229.76,1.4249545775360815,0.2739214155701071,0.2434552956856102,0.7837525950270011,0.1429538694978959,0.16669979940164847,38.09761625341885,1.1045156881019136
KiDSDR4_J024228.926-294305.41,3.714846334862085,1.085811702847278,0.8410889797300212,0.47376108380304066,0.07260901141197768,1.0391606427887499,12.11683120912757,1.7286481826595168
KiDSDR4_J024858.753-274354.53,1.6673349488415272,0.25159444088838057,0.36866712600648,29.645571701672896,14.455528864950747,6.812212685934831,36.47224243175907,0.8145466739178773
KiDSDR4_J025334.181-284611.92,2.3621505911693963,0.12900852201691704,0.14684503380386404,13.070456538894081,10.985599061034065,12.832102999304748,67.5167405019024,1.3460321397898811
KiDSDR4_J025746.733-353418.53,2.8597579748668314,0.2087897338991418,0.15823084223148864,4.525329881621351,0.6444234730333189,0.5217254325855079,122.57271915989213,3.666902332872217
KiDSDR4_J025825.003-264515.50,0.6112109871251346,0.06592432952758931,0.10755160303459799,0.022574136711596263,0.0060270333498580395,0.019184991103035003,8.43269286001612,1.3021883186253718
KiDSDR4_J030247.990-303627.51,0.805866967439657,0.009325567317219896,0.004073183095284483,2.0511417753522587,0.05339223180242314,0.05849873858825072,372.0558181483518,2.24432441207876
KiDSDR4_J030511.509-311216.40,1.6576401848635207,0.12138294675460104,0.15475274543448925,0.21354143833084263,0.04995323281266348,0.048488345417529805,10.170160920798395,1.3763023400218573
KiDSDR4_J030540.105-293416.08,1.9866573952745554,0.1866459748745295,0.20958479317574463,0.4054655935414534,0.09566832661666619,0.08870569435210462,20.69347190193403,1.3630446258929396
KiDSDR4_J031351.418-310215.66,0.999004695674738,0.21400508007149233,0.2111910562726632,2.8330370274221486,0.25072867316925196,0.30126167819519534,192.32461629160252,2.331841564877255
KiDSDR4_J031432.791-254408.76,1.7810218733482963,0.04104660269929017,0.03371885387350182,0.07035592436942995,0.367115612818183,0.45906208910810564,36.988472827291204,1.308166008349243
KiDSDR4_J031453.096-295233.96,2.451758904169549,0.011322587448070909,0.011032610312469604,7.021780730005074,1.681266166990043,1.4793230966360609,47.119356255632155,1.5313107600412705
KiDSDR4_J031554.060-264439.54,2.1199440183195284,0.16233666368567956,0.20563429059270044,1.1017011530931518,0.4780216773023692,0.9679930590772254,51.68153425832957,1.3040712460240427
KiDSDR4_J031609.185-340302.43,1.1338494513001924,0.1289206870045514,0.12043066611827902,1.8055052129692382,0.7378007717995012,0.9861221788424916,42.24635643359527,1.4032342058261134
KiDSDR4_J031950.805-295638.57,2.5600709287400485,0.1546429586092648,0.24349114663197247,1.0615097119419514,0.14068979798540016,0.14052192778424644,64.69072087982694,1.117467832033067
KiDSDR4_J032100.783-281810.47,1.9271307066523393,0.10375921948133393,0.11370684315409063,2.0232550228684123,0.7492004572092943,0.882966916034865,60.00572282889568,2.160305381844507
KiDSDR4_J032219.773-342456.27,3.2064938673422327,0.11509049414739714,0.18914352424171632,0.3084420513395478,0.21884811879478147,0.5348712460578227,14.144054190129458,2.9476379942542708
KiDSDR4_J032230.223-344711.77,1.753478866566545,0.1466398878402817,0.13575917315318975,1.3233391371956869,0.1640825383254474,0.1837378563567713,53.34131108342071,2.7229649807221805
KiDSDR4_J032402.732-274857.72,1.4181500801624336,0.0059153237550231275,0.0030122566345771595,3.0287739614431293,0.3433912614128305,0.4086242042528805,203.89043342617583,6.014043002701814
KiDSDR4_J032523.797-324527.62,1.3240399830956957,0.1659723244416451,0.1242663243016564,6.920711356256229,0.774107482788482,0.8809096021513056,147.86614347286485,1.4420608555071739
KiDSDR4_J032621.242-345409.66,1.9662616327909943,0.18972375195265734,0.3671278055901326,1.7472327876002167,1.1443839985932398,3.3842657693821243,21.829286615986977,1.6624781424541684
KiDSDR4_J033333.196-302441.95,2.301465103471306,0.2101384970529656,0.2240041150354788,11.027470717533017,1.2097940003913283,1.1957152552496417,209.6810412292341,4.504527026947975
KiDSDR4_J033605.770-331220.58,1.1650801173400374,0.029973757374814447,0.08891482278356388,26.095005726056815,6.238558544245286,3.7554397910323587,73.3371770079956,2.076730222801787
KiDSDR4_J083734.985+024523.73,3.9498390739529765,0.009475592676317035,0.009060735550083354,0.02001021037414788,4.818711430030348e-05,0.0002343873176863069,0.6967568020526691,12.04701331722492
KiDSDR4_J083933.372-014044.81,1.7557283958839642,0.057048633931886084,0.062078433524846766,29.871355999878418,9.0059209882785,1.8913143123953269,180.89472850320996,2.299774065573628
KiDSDR4_J084722.029-013441.48,3.48404899359159,0.3228704754766132,0.3309347632032398,0.049690112333326965,0.02922274433323686,0.054680223480010844,6.205913957915115,1.3442958379077883
KiDSDR4_J085156.962+013016.65,0.8696929767550834,0.016539058999502587,0.021003706167938674,3.016190364990205,0.14643891534339737,0.12614385631198344,73.62785147281002,83.59029407625253
KiDSDR4_J085247.537+001510.43,1.9111227748966484,0.07519669290768993,0.07794980205088042,1.366269605373238,0.2169989689240568,0.2591438978794107,97.31728828003348,1.2396841386952346
KiDSDR4_J085446.547-012137.03,0.9791189030025524,0.36513033868321365,0.41387488626997804,18.454904832213863,5.7325859305132525,6.193494498424034,237.43762612540755,2.0123741346837756
KiDSDR4_J090150.268-012118.51,2.2839806981783726,0.11817837653681362,0.07952936180296444,0.7635354183159829,0.2130166549719471,0.26165832997672955,47.761150295991925,2.5548359602298305
KiDSDR4_J090507.336-001029.85,1.1962809514585238,0.09718136112694942,0.09468485907950752,0.516469416154316,0.23415358641240192,5.6921389900663595,42.5785059770716,0.9527494317565385
KiDSDR4_J091113.492-000714.23,3.680732269140549,0.011293573664928669,0.013534775008874789,0.563605189651964,0.1250326237577044,0.14231796769871652,14.62863799647079,0.8800326457601609
KiDSDR4_J091321.371+025802.38,2.007942163543303,0.22587264300764764,0.18583950336460897,1.174812674530677,0.22377758366777578,0.29279417806099195,38.71417880359661,1.45136207657557
KiDSDR4_J091523.562-005521.33,2.993717696751171,0.6444298226408494,0.6124497295109976,6.043738230604086,1.6359101700684056,1.297611122469017,60.11351803686248,1.5153637586970656
KiDSDR4_J091903.838+003900.49,1.4370258513172876,0.1557010113462649,0.2691268448694879,1.2022418842078235,0.24296031615756108,0.30656269016045545,60.021670645844644,1.2051058853249477
KiDSDR4_J091940.081-011630.76,0.8960938621996308,0.04738287239253913,0.05544081544814228,2.2611911088502987,0.10987390028855071,0.13092654292788675,313.8093733280431,2.4394325438399664
KiDSDR4_J092136.654+021409.44,3.9819259876224593,0.002225905606187961,0.003232734021630268,4.25667079308088,0.46603944571640543,0.25150256207837796,175.4596975788499,7.422450666803073
KiDSDR4_J100108.387+024029.67,1.157993495169469,0.05512777885969311,0.05194476216902566,0.7723476145963836,0.08852440902593428,0.1195383138619307,112.58241922016937,3.229550264255432
KiDSDR4_J102729.477-013550.93,3.119383631264568,0.36389587540491064,0.3423356957864838,0.8793337046392438,0.10695789263554267,0.13054759625454437,54.793661937173624,1.546383162637495
KiDSDR4_J103907.380-021630.07,1.0070299559460807,0.07484493210201681,0.04544131824859132,3.3314434497038716,0.10223085724714576,0.08372752553152729,782.1346680047257,7.741872048313221
KiDSDR4_J104119.501-000416.30,2.184046523682195,0.5341658434050001,0.757683898822759,1.2268279303221792,0.09857250397222472,0.10130570330936184,136.18579419269855,2.3505221006498456
KiDSDR4_J105741.640-004349.78,1.0870931925344134,0.09363111292518456,0.1633223844124121,2.441074305946254,0.39969800279631906,0.5682097502106394,147.56839825871626,1.405966817906319
KiDSDR4_J110051.121-005251.89,3.981270390584654,0.2751275579129273,0.10191885276260315,0.5009194971306064,0.028010817377659147,0.03252039264729534,47.18102228913118,5.035237801736562
KiDSDR4_J111121.008-023548.31,2.6220106891232033,0.284936247848806,0.17437782913247224,3.422378633935813,1.8517306717765825,3.525680355866955,39.10137607802959,1.309419424960707
KiDSDR4_J111253.976+001044.65,1.1220795228272946,0.036190928930504906,0.02980462794329819,3.8286782518001705,1.3481520658850883,1.2592291970785547,124.99184537740955,3.3567726812799967
KiDSDR4_J111328.589+020948.55,1.4084068417317679,0.21711796852024845,0.35055276982486805,0.7480314045359802,0.08962410681894906,0.16966230054016085,18.527360805784046,1.2625782808941268
KiDSDR4_J111433.617-020929.17,1.7808007322836898,0.18683118686204603,0.2307564535523725,1.2378426755252383,0.13009422860716335,0.14308993675471093,74.005180891555,1.0538555713535804
KiDSDR4_J111555.997-025204.81,1.6280221664812975,0.05572638124616436,0.053213767485327246,0.6626616471489222,0.1554500515104129,0.25140908751811697,99.1787909842471,2.1585984328379024
KiDSDR4_J112152.078+023711.11,1.7368597457472943,0.08721818905243905,0.11709765455176369,0.4340690542544082,0.44352934132486826,1.3435867418985583,29.784348273441157,1.1002677996986563
KiDSDR4_J112900.041-014214.01,1.4772396461081487,0.19686931102861083,0.18141620728826524,1.986518566805093,0.4435260933921379,0.6796427948953514,81.73486938760708,1.3402971823903689
KiDSDR4_J113146.090+002212.70,2.6593430778306737,0.16821381969056803,0.18215056838726973,0.9374281784670028,0.1925034605973419,0.2748053132519579,65.97729851038052,2.099246244641367
KiDSDR4_J113741.606-020559.02,1.9375344348580275,0.17700061770931863,0.2047345002100318,0.1671218163009228,0.06409819639093589,0.040431167134278856,16.127277045126398,1.233580624974065
KiDSDR4_J114054.983-010757.27,0.802767249942669,0.09435709536456338,0.11052719232752883,2.513438121111485,0.17373476856663572,0.2356429591543172,257.09733240550815,1.562596606111463
KiDSDR4_J114329.639-014429.98,1.7277315462794178,0.0016562298950844045,0.0015836103111974698,0.4669026437467408,0.012342260947078354,0.013216720240578017,137.086669532905,10.892686341592505
KiDSDR4_J114444.815+001346.70,3.960557061190669,0.00727530559863343,0.007873392835346493,0.8777126813194162,0.22052633110174602,0.20689346942304032,25.5006125823962,2.0602120767963585
KiDSDR4_J114654.718-021707.62,1.8582240900995461,0.038509679183566625,0.04961833076965916,0.35111122903855435,0.03944424084360637,0.056159377659418086,32.26528325146217,1.760395205863642
KiDSDR4_J114815.363-010907.79,1.7438678015508013,0.14438181001345018,0.14910366585376078,0.3757792408811708,0.03175288002354493,0.034095240254659376,55.15307882882312,1.559017148406215
KiDSDR4_J115008.624-010948.48,3.706053827242529,0.0009785674953635137,0.001151856079187663,0.08206305350480929,0.0067123920716666285,0.006915775426669782,12.39662334759993,2.716727532010561
KiDSDR4_J115015.646-015752.32,3.632407288740877,0.6164625840143381,0.5390130232986183,1.477500866183953,1.3798181155732756,2.51236623090901,17.784067041972975,1.5933652146170696
KiDSDR4_J115252.263+004733.11,1.8750800608167137,0.10592368436875987,0.15966698484962172,0.0816364407429669,0.05744880461466488,0.08227203539838979,23.270354710256655,1.1109824179322592
KiDSDR4_J115537.691+020815.48,2.721619304620702,0.3383511611128136,0.28064626922202995,2.6981103887219144,0.5102360678529156,1.138852172706812,133.42679306587436,2.0419157847555303
KiDSDR4_J115637.743-000903.21,1.842537118519271,0.23940022306879682,0.2829464968844373,0.9506403323936803,0.35772047155144615,0.8420403334461617,37.655813264585554,1.5038641047462078
KiDSDR4_J115855.204-023108.19,2.555759653731779,0.325147844472617,0.35776538386015977,1.3172646521922835,0.0645981598624128,0.10504724190889858,159.25002966332852,6.072797445920324
KiDSDR4_J120139.878-001226.26,1.3791788701932872,0.07924902876425977,0.07850306886810876,14.782355793260612,3.7527069031164686,5.034040011926619,243.66581374477335,3.1089154521122624
KiDSDR4_J120743.259-010355.44,1.7166014265783212,0.004051933606544766,0.003985734933578788,29.856195754940845,0.5253415371176651,0.19959190149166517,393.13792349489415,5.6959802231092045
KiDSDR4_J120917.360-003415.91,1.485487892979756,0.001721270324657409,0.0021503752938476506,1.3669259113404622,0.07686530905035838,0.1318570344463923,237.84224045226642,3.869022794788007
KiDSDR4_J121152.582+011119.99,1.1772813527421062,0.044738896743680145,0.060936685009035374,0.38532784472914033,0.04439990424492346,0.05353730240612026,73.03172492162822,2.4599176603720387
KiDSDR4_J121312.570+011853.41,1.2882353058630147,0.3795260862928186,0.3689721017238692,2.0341376389158174,0.06890958216062937,0.0814858789038242,217.81530912020116,2.766599556438959
KiDSDR4_J121424.037-003206.32,0.9072653205783054,0.05668259096119865,0.0303796315062117,0.31892830208119793,0.026212067929287375,0.021770696025656233,126.71677622587212,4.145466548606166
KiDSDR4_J121424.132-003205.53,0.3052359542601504,0.011193254031648059,0.01153922673935226,7.703093468410581,0.2685189004851063,0.2357822485096328,496.17621771369556,9.993765318147377
KiDSDR4_J122335.140-021030.63,2.0048848644642394,0.4927399639732093,0.6124251804198486,3.9604803234030235,0.5552152951302727,0.7939575479575307,127.17955497491268,1.161572581299895
KiDSDR4_J122443.450-002811.36,1.9817916698593645,0.0971456511051656,0.09094097336120321,0.022451847863058424,0.001762418324386776,0.006455445503706313,34.20899526852881,2.757698223803895
KiDSDR4_J122450.300-004215.16,1.850609204568142,0.09495750265600544,0.09203206503465355,5.034517758610544,3.835221070061519,17.69209084685123,66.11788766288983,1.7536889629674184
KiDSDR4_J123421.817-000925.99,1.9478747931151175,0.12686696507908168,0.12535515872201763,0.31066597308975663,0.1776701115491882,0.35858623652920246,26.325590512750676,1.3465286664124025
KiDSDR4_J123554.179+005550.41,2.0778778674473455,0.0077350735949059946,0.014163499092015641,0.02606518608320553,0.003160002188841285,0.003108251461804247,19.13680957070846,2.2175922764701435
KiDSDR4_J123752.030+000846.84,2.0876407264818417,0.1964957630639963,0.20652329359446453,1.4526742759550528,0.12297641074969179,0.12442460981536829,121.49773054834174,1.7744337385863798
KiDSDR4_J124215.591+020801.00,2.644793929556845,0.5227927327725566,0.3492881131400254,4.453615033156816,1.4741614258075701,4.120643987717879,110.21015934993912,1.3038245328816187
KiDSDR4_J131529.230+013223.65,3.998388514298923,0.019269061447112712,0.0031653997101317444,0.02023197895057108,0.000571188232798038,0.003616534060839484,11.017783863364382,4.673427661090699
KiDSDR4_J133459.471+001617.50,0.9218880675208441,0.0053725895893173,0.0064214933462802826,29.78558946680723,1.348823424030904,0.44697867276534353,122.65858099990729,2.4427336241497035
KiDSDR4_J133708.008+011303.68,2.156474447006044,0.10494617310271748,0.04669478816011097,0.12968902650059483,0.009825283331257761,0.008384133817557315,42.38152079810221,3.91502918168283
KiDSDR4_J133708.148-000633.50,0.9007124065739682,0.013616874331800033,0.010294540834900223,1.765640340084908,0.055282610276098154,0.06422075548921713,226.51479870763356,3.0408610403660927
KiDSDR4_J133844.788-010904.82,3.9984936669116737,0.07304268733670671,0.012932174243035721,0.36661412821357914,0.040672144822477496,0.04809185246744535,101.14513448386691,6.9872318332485985
KiDSDR4_J134032.074-003737.83,3.9917508445104466,0.003923379658338444,0.007480646739498109,0.03587518746528581,0.0004149815363651069,0.0004686584225899876,-20.55806894301756,14.225115859299724
KiDSDR4_J134455.641-002015.60,0.9616692516442504,0.06306209519894523,0.06203697201873315,3.199873514958345,0.33495519225061,0.3968453049234544,181.48162028995603,1.6699328201900325
KiDSDR4_J135435.336-003719.64,1.4313586691900952,0.14335862556258738,0.13389793877870515,1.2389000953167995,0.25216028848893246,0.43498320703422966,63.23533234995999,1.6779978868313945
KiDSDR4_J140031.880+024610.26,3.994195780457566,0.8611579318175044,0.43006152080912186,1.3736139541118106,0.12627714675843138,0.15724976325158324,113.9655506618339,1.8567734140477852
KiDSDR4_J140733.603-014923.42,0.8068736304140129,0.060080199683057334,0.06412907140043511,3.5165957406020034,0.42280107577045456,0.5511593013543044,179.3370290737289,1.7397339298247354
KiDSDR4_J140929.697-011410.82,1.3456539294021823,0.13933582357396546,0.16502454341642125,1.9394945555474485,1.5354851001991727,2.117110099606532,24.70279330107674,1.0021012403012897
KiDSDR4_J141136.980+015357.13,2.7900168899728266,0.23749560722717789,0.09808281974346578,0.9875485769802008,0.06855076701821095,0.05732495269120119,79.16512094354152,5.669223573143544
KiDSDR4_J141325.378+010907.83,0.9771959280283344,0.29859630417197125,0.3699082280741357,12.557658235103892,4.688600277206957,4.715892131745376,48.90102370800204,1.4208472114799768
KiDSDR4_J141503.117-003105.93,1.8773037572131896,0.19554533886323577,0.21517033396924545,1.7733231335326889,0.1940574594877651,0.1668585381755594,18.113158925023544,1.8752706505635706
KiDSDR4_J141649.819+013822.23,1.2305033032716914,0.07801352204979017,0.10761831221833673,29.547330243306053,10.777763793328152,2.224084362553949,83.00327421346194,2.010411879693231
KiDSDR4_J141741.465+021705.13,1.8367157302703139,0.23955997750736135,0.21068275854260832,3.609373122482415,0.29107589130991673,0.2959282458380783,163.28599428793098,2.4612842273352245
KiDSDR4_J141908.441+002049.65,3.9544725663508595,1.2596539279252696,0.8581102812513555,1.2264477131235725,0.21607294710884495,0.25090473869185637,10.290563090671581,1.3135603770281281
KiDSDR4_J141913.862+025635.41,0.6496454212775383,0.09342290075775606,0.09113146502285463,2.8904147122814776,0.34007866090624983,0.38491652454961756,200.11739398176036,2.0201320085959327
KiDSDR4_J142232.321+000134.55,1.8704458288021986,0.2771421212852092,0.2958259769287246,0.4736753446062409,0.09537459245260782,0.12195596858488839,13.742164459356262,1.3455662042228924
KiDSDR4_J142235.405-023857.36,0.8317905587394245,0.101561616640518,0.05475026791179294,3.70863189700577,0.13586360785632534,0.1758561155986169,234.41559619546047,2.541048553376899
KiDSDR4_J142332.130-003115.73,3.9340414044940535,0.4658927066725167,0.07825256161170469,3.8282454909369195,1.833051257620231,1.9455780012110084,41.44204845744806,2.079901198913722
KiDSDR4_J142404.740-023019.89,0.9657929371129881,0.13654343405210245,0.1438234531507313,2.030115197732658,0.12872727929196337,0.14982103917657197,215.3121394072858,2.144785819255075
KiDSDR4_J142528.079-011504.48,1.9781248847517865,0.21054552380477753,0.141762579587688,0.024649086965405083,0.00440093372789508,0.011932909240888894,14.955925926265552,1.1843269966405607
KiDSDR4_J142541.213+002216.85,1.7759688906069084,0.13099135427045283,0.16212097522734092,0.4573279342632527,0.06403874968703,0.05842837432716935,5.37107541745849,0.5000170971113901
KiDSDR4_J143001.826-015045.16,1.809078595066941,0.22022070380437286,0.19318943285572598,0.8041282021970093,0.12312827564832529,0.17783095683736805,51.81874365969369,1.831589862216597
KiDSDR4_J144503.938-032042.35,3.979407160320193,0.4711041718870357,0.09978291519246074,1.6578516198646058,0.10895747507488052,0.11479151525910813,64.49548083234917,2.9310154343660195
KiDSDR4_J144515.550+004133.42,1.378276985025574,0.09284537463335685,0.09291872977175841,1.337335288363843,0.33489104852087903,0.6741099764492193,67.72021197048976,1.1412206476811058
KiDSDR4_J144723.506-001207.74,1.7087588053404432,0.02700675069148928,0.026355150490239287,0.7101186363709416,0.16884853973816705,0.1029912427468308,49.19793578264435,1.9289531530453834
KiDSDR4_J145325.778-003331.75,2.3061384342168814,0.17025291109396967,0.18811376959246484,0.3866348421634711,0.2693618767878644,2.224943130070921,20.591037880879437,1.0570238374470804
KiDSDR4_J145434.187-003428.19,1.5106108111387606,0.16803971644824478,0.2307186943224162,1.2167549282236296,0.5084207851726967,1.1470948627990576,56.003600037712516,1.2402758121458588
KiDSDR4_J150126.605-012501.29,1.130336139303487,0.29761997884343927,0.27700459899306573,2.3882758570646496,0.05196651038095812,0.08766085370219434,305.48089182690995,3.4292533522312123
KiDSDR4_J151041.479-011903.79,1.5880516316907447,0.24462864985258825,0.11494504786605231,0.10831562728419045,0.061887661720699344,0.15099999273233813,17.415680202917837,1.557028074956917
KiDSDR4_J152408.309-014343.35,0.810288081603169,0.0810286524085394,0.21551065284051774,1.6565013399712751,0.12433537280304585,0.16598879871147365,148.5638452511674,1.412613780653375
KiDSDR4_J152801.078+004030.62,3.999692580025165,0.0011411716347740075,0.00036447678132001116,1.3227739710206305,0.08739295763136057,0.06274836842964215,27.603173155224862,7.357158099881603
KiDSDR4_J154712.516+002809.44,0.968799017928214,0.11736432289872012,0.1058700670894186,1.7054804955315128,0.1407289798292024,0.18332937111078884,176.8711350958077,2.7892809620166985
KiDSDR4_J154823.583+015832.68,0.7125662346934245,0.0818115694093251,0.109368678641805,4.530889722187821,0.9588745658987197,1.3498236197292117,117.74408200691387,0.8385030262859743
KiDSDR4_J155300.545+001455.15,0.7958085964507275,0.17717209575031923,0.238704453159435,1.8823236520365052,0.14977306822232062,0.21530117282930483,121.08764783786059,1.6072152707620764
KiDSDR4_J220412.512-350654.12,3.9999968785949997,0.014090985927386335,0.007232745723978251,0.0460165484710033,0.0025777190187024762,0.0035524558482488908,17.388765564243215,4.808870279650403
KiDSDR4_J220606.000-351958.39,3.619217282791992,0.31352131813316175,0.24064004301193398,0.2585739491608227,0.13252417604116806,0.24459923303723632,8.523454025812631,1.2989605406199007
KiDSDR4_J221016.394-344006.27,2.1267316640518543,0.6018347821893759,0.4215900381883628,4.6201595629199765,0.7313592418021537,0.4982456076577524,170.02618116173466,2.801500759999341
KiDSDR4_J221322.958-285447.91,1.642896119806878,0.03814282135978364,0.04302316743355261,1.095652775157592,0.31401614630515406,0.3913702144368456,66.79866771291515,2.1892383370267505
KiDSDR4_J221339.008-331156.34,3.830456826498472,0.32922578937479985,0.28236534389102674,3.6187563868505337,0.26790459596857197,0.25236177350189504,50.75460798974944,7.5933276198019115
KiDSDR4_J221400.330-292031.21,3.9998617684780045,0.020809212188298787,0.005053217730424109,0.6421908173545686,0.13014679246929778,0.14889175405219712,39.719845807485285,3.482648615725805
KiDSDR4_J221647.408-292059.14,0.9301177978563306,0.04443789727976588,0.0497002919478865,5.242635715747762,0.6771022003135041,0.9991394682810384,199.71655789388535,2.7272225735218534
KiDSDR4_J222209.601-335733.28,2.208051266980642,0.027673392237474115,0.028485530195609066,0.769913782007411,0.31623742348622025,0.2443078751664789,14.88645195416897,0.6534847483788105
KiDSDR4_J222243.178-340745.35,3.319355238047261,0.12786275176659156,0.16053699357511997,1.7668137793595062,0.6136636870704661,0.8346532655420378,55.66573864872852,1.96599662314082
KiDSDR4_J223409.199-285423.36,1.4505976952394877,0.4921898637055907,0.48602648173065277,1.8586836885384346,0.08600628061103244,0.11309603462141982,193.59365364772228,1.5801124602538517
KiDSDR4_J223747.073-281546.48,3.9359609453578868,1.1998250452834176,0.4347481642899895,2.152359542657559,0.22537295234532229,0.289326531220349,115.19871191912242,2.195245098417194
KiDSDR4_J224144.452-282152.16,1.6211905245116698,0.18575188221944883,0.18705377153230862,1.1338956340355002,0.3298286147509737,0.5033875210207304,48.22910913728696,1.6590285777531975
KiDSDR4_J224546.032-295559.03,1.5972738203394077,0.20689158871445001,0.2039501971619786,0.2968554736187771,0.03131052007637425,0.029492337206474206,51.247998400871644,1.9837541823775102
KiDSDR4_J225409.348-274934.16,1.3985582183387262,0.10915107601094043,0.08267266543945495,5.754099358989247,1.3186917523330521,2.1609289803475926,200.2628110898362,2.8293882738871483
KiDSDR4_J230024.723-351233.67,1.8100927184830675,0.15808671486783088,0.08392748762052138,1.0282499556588571,0.008455137247488365,0.00612474368351279,277.55842282677816,5.492231161462323
KiDSDR4_J230150.841-352631.68,2.245789726412424,0.5601745071501731,0.736461393362505,27.573416364395754,15.722171070203036,5.297973633654589,39.63412895031687,1.2535367162286863
KiDSDR4_J230621.790-303040.05,1.855098491674324,0.22276888359178404,0.14420560993477838,1.3415300043186105,0.45691890420982384,1.7369563823697927,49.55894564117276,1.8982043178036752
KiDSDR4_J230740.782-295058.93,1.7236455427155608,0.03458822074044021,0.031572960280996654,0.021921964571013624,0.0013495519929163091,0.0031648320384099447,29.263519592324293,1.5823341023576516
KiDSDR4_J231009.429-303122.01,2.381650930473909,0.008945300094501007,0.012533079354393184,0.7640076842516994,0.048663539517017074,0.0620707578769808,192.31777804354905,4.681763923546138
KiDSDR4_J231132.234-342357.36,0.5444196687899752,0.08087170964502965,0.06715981133115578,2.0239330838159235,0.12031609213544359,0.13651021968511623,217.59231536877357,3.2395173294581787
KiDSDR4_J231606.127-322814.63,1.19070211756979,0.018641923037425512,0.016095613774385065,0.6235056993263975,0.04292681010400612,0.029121756606656835,122.23116735076808,3.6765901844659057
KiDSDR4_J231645.663-292343.20,3.867717725126023,0.41792640358069955,0.22077896983239453,3.565844177008641,0.7239191675436407,0.8801564846944343,97.07231892861346,4.47637023496749
KiDSDR4_J232011.140-294158.79,3.578416445455279,0.6165772866051062,0.6977830911517069,13.367280925046922,10.95163731228835,14.769471334004391,24.467100791806736,1.23128401757234
KiDSDR4_J232039.461-281711.12,2.5340023053035843,0.17880890084462608,0.19377024761050476,0.758634684383754,0.0870425784529214,0.09185086738782,45.28738039943028,1.1629964014803995
KiDSDR4_J232041.173-301353.02,2.0934136900737643,0.09847257333059556,0.09332161963001306,0.48996611077210334,0.17771031019803832,0.27449590588851536,24.16332897388689,1.1414271079438845
KiDSDR4_J233105.551-335829.71,1.8073966136182216,0.046592742835156686,0.04441437817472105,2.5444528700439952,0.27270662113230193,0.25714324713697634,35.02152236968027,2.916565876146021
KiDSDR4_J233323.587-322807.40,1.1562669157038685,0.03150922905764286,0.03439038538026762,2.2558439999571482,0.48245666842387536,0.6792536737216013,142.16278696519737,2.363899157739195
KiDSDR4_J233430.820-313928.28,1.735216038570462,0.031871031566522046,0.028035513746974106,0.7291338811108022,0.049491871039935686,0.04535552752992844,187.5546004487671,5.754511088889694
KiDSDR4_J233533.673-322722.06,3.9999940435070496,0.000246485238280858,2.7231712463660074e-05,0.6360695398426295,0.012848485862784642,0.012320003591884454,9.282656612243821,15.628221662872235
KiDSDR4_J234413.445-320057.62,1.8602698161293565,0.16426173125771615,0.18385037807529891,3.025100321519403,1.5069766444237067,4.052168395168494,61.065722961391295,1.4335370842781148
KiDSDR4_J234450.820-314201.44,0.8432887997550873,0.10972369949060734,0.10587025138502504,1.8003417495725345,0.16877198372960445,0.17350019543992623,163.7649479622525,1.3250357964752764
KiDSDR4_J234719.642-333022.28,3.9985505732612734,0.023254157862099945,0.005260019449110143,0.021155282496825512,0.0006988347021389327,0.0025328172152820315,0.07969786687133089,1.258485330342891
KiDSDR4_J234843.274-304922.09,1.1717814056812563,0.04018144789960032,0.0307293770899133,2.3717132479377128,0.18846394547246792,0.1346555588765428,88.17605314929446,3.756334312195406
KiDSDR4_J235440.569-303219.81,2.6370544813832884,0.126758351718399,0.11675217722376807,0.8385217298001971,0.09641263604036876,0.12436671303855096,60.560385075004625,2.839520194283413
KiDSDR4_J235629.267-314515.77,2.452945914014447,0.01982605039121399,0.02097426046150952,0.45167256580853987,0.055161672275687246,0.0640226222264213,59.55425451904388,2.112646620904752
KiDSDR4_J235920.054-281535.45,3.4721544454442794,0.6494753486821394,0.5423358543979044,6.657059006732297,0.5888166019846119,0.7116222058171955,240.49835149295464,6.985225590373375
