KiDS_ID,RA,DEC,Grade,Method,Recovered_known
J010127.840-334319.40,15.366003,-33.722057,A,AL,False
J013425.700-295652.42,23.607086,-29.947897,A,AL+NN,True
J030639.688-273626.93,46.66537,-27.607481,A,AL+NN,True
J084520.257-005459.56,131.334408,-0.916547,A,NN,True
J122442.115-003959.04,186.175481,-0.666401,A,NN,False
J133844.788-010904.82,204.686617,-1.151341,A,NN,True
J224546.032-295559.03,341.441801,-29.933066,A,AL,True
J231645.663-292343.20,349.190266,-29.395334,A,AL,True
J000017.928-353229.26,0.074701,-35.541463,B,NN,False
J000052.387-330330.92,0.218283,-33.058589,B,AL+NN,False
J000110.222-351533.95,0.292592,-35.259432,B,AL+NN,False
J000239.985-294635.77,0.666608,-29.776603,B,AL+NN,False
J000439.793-280507.82,1.165807,-28.085506,B,NN,False
J000837.779-330700.01,2.157415,-33.116671,B,AL+NN,False
J000856.019-284610.08,2.233416,-28.769469,B,NN,False
J001625.370-313425.35,4.105712,-31.573711,B,AL,False
J001659.713-293119.84,4.248807,-29.522179,B,AL+NN,False
J001701.686-280827.57,4.257027,-28.140993,B,NN,False
J001810.363-285609.54,4.54318,-28.935984,B,AL,True
J001941.102-332229.42,4.921261,-33.374841,B,NN,False
J002105.099-283818.44,5.271248,-28.638458,B,NN,True
J002516.888-293016.99,6.320367,-29.50472,B,NN,False
J004204.610-323222.56,10.519212,-32.539602,B,NN,True
J005404.848-305809.32,13.520202,-30.969256,B,NN,False
J010642.065-342401.02,16.675274,-34.400284,B,AL+NN,True
J011153.430-314227.41,17.972626,-31.707614,B,NN,False
J013538.811-291531.46,23.911716,-29.258741,B,NN,False
J013823.201-284408.09,24.596671,-28.735581,B,NN,False
J015059.897-290846.27,27.749573,-29.146188,B,AL+NN,False
J015116.013-290024.17,27.816722,-29.006714,B,NN,False
J015907.457-334415.29,29.781074,-33.737582,B,NN,False
J020505.970-331746.64,31.274878,-33.29629,B,NN,True
J021110.350-302848.25,32.793128,-30.48007,B,AL+NN,False
J021704.094-321155.44,34.267061,-32.198735,B,NN,False
J021908.779-333119.81,34.78658,-33.52217,B,NN,False
J021932.170-332719.74,34.884042,-33.455484,B,NN,False
J022816.291-292345.63,37.06788,-29.39601,B,NN,False
J023300.432-330820.16,38.251804,-33.138936,B,NN,False
J023315.143-290354.57,38.3131,-29.065159,B,NN,False
J024126.819-284229.76,40.361747,-28.708269,B,NN,False
J024858.753-274354.53,42.244807,-27.731814,B,NN,False
J025334.181-284611.92,43.392423,-28.769978,B,NN,True
J025746.733-353418.53,44.444724,-35.571814,B,NN,False
J025825.003-264515.50,44.604181,-26.754307,B,NN,False
J030016.828-321249.98,45.070119,-32.213884,B,NN,False
J030247.990-303627.51,45.699962,-30.607643,B,NN,False
J030511.509-311216.40,46.297955,-31.204558,B,NN,False
J031351.418-310215.66,48.464245,-31.037684,B,NN,False
J031432.791-254408.76,48.636633,-25.735768,B,AL+NN,False
J031453.096-295233.96,48.721236,-29.876102,B,NN,False
J031554.060-264439.54,48.975251,-26.744317,B,NN,False
J031950.805-295638.57,49.961688,-29.944049,B,NN,False
J032100.783-281810.47,50.253265,-28.30291,B,AL+NN,False
J032219.773-342456.27,50.582391,-34.415633,B,NN,True
J032230.223-344711.77,50.625931,-34.786604,B,NN,True
J032402.732-274857.72,51.011386,-27.816035,B,NN,False
J032523.797-324527.62,51.349158,-32.757674,B,NN,False
J032621.242-345409.66,51.588511,-34.902684,B,NN,False
J033333.196-302441.95,53.388317,-30.411653,B,NN,False
J033605.770-331220.58,54.024045,-33.205718,B,NN,False
J083726.163+015639.25,129.359015,1.944238,B,AL+NN,True
J083734.985+024523.73,129.395775,2.756593,B,NN,False
J083933.372-014044.81,129.889052,-1.679115,B,NN,True
J085247.537+001510.43,133.198073,0.252898,B,NN,False
J090150.268-012118.51,135.459453,-1.355144,B,NN,False
J091321.371+025802.38,138.33905,2.967328,B,NN,False
J091523.562-005521.33,138.848177,-0.922594,B,AL,False
J091903.838+003900.49,139.765994,0.650137,B,NN,False
J091940.081-011630.76,139.917008,-1.275213,B,NN,True
J102729.477-013550.93,156.872823,-1.597482,B,NN,False
J105741.640-004349.78,164.423502,-0.730497,B,NN,False
J110051.121-005251.89,165.213006,-0.881083,B,NN,False
J111121.008-023548.31,167.837535,-2.596755,B,AL+NN,False
J111328.589+020948.55,168.369121,2.163488,B,AL,False
J111433.617-020929.17,168.640074,-2.158104,B,NN,False
J111555.997-025204.81,168.983322,-2.868003,B,NN,True
J113146.090+002212.70,172.942044,0.370195,B,AL,False
J114054.983-010757.27,175.229099,-1.132575,B,NN,False
J114444.815+001346.70,176.18673,0.22964,B,NN,True
J115015.646-015752.32,177.565192,-1.964534,B,NN,True
J115537.691+020815.48,178.907048,2.137635,B,NN,False
J121312.570+011853.41,183.302377,1.314837,B,NN,False
J122443.450-002811.36,186.181042,-0.469824,B,NN,False
J122450.300-004215.16,186.209584,-0.704212,B,NN,True
J123421.817-000925.99,188.590905,-0.15722,B,NN,True
J123752.030+000846.84,189.466793,0.146346,B,AL,False
J124215.591+020801.00,190.564966,2.133613,B,NN,False
J131529.230+013223.65,198.871792,1.539903,B,NN,True
J133708.148-000633.50,204.283952,-0.109308,B,AL+NN,False
J135435.336-003719.64,208.647235,-0.622124,B,NN,False
J140031.880+024610.26,210.132836,2.769518,B,NN,False
J140733.603-014923.42,211.890016,-1.823174,B,NN,True
J141136.980+015357.13,212.904087,1.899205,B,AL+NN,False
J141325.378+010907.83,213.355743,1.152177,B,NN,False
J141503.117-003105.93,213.762991,-0.518314,B,NN,True
J141649.819+013822.23,214.207581,1.63951,B,NN,True
J141741.465+021705.13,214.422773,2.28476,B,NN,False
J141908.441+002049.65,214.785171,0.347127,B,NN,False
J142232.321+000134.55,215.634671,0.026264,B,NN,False
J142404.740-023019.89,216.019754,-2.505526,B,AL+NN,False
J143001.826-015045.16,217.507611,-1.84588,B,AL+NN,False
J144503.938-032042.35,221.266411,-3.345099,B,NN,False
J144950.700+005536.65,222.461254,0.92685,B,NN,True
J145325.778-003331.75,223.357411,-0.558822,B,AL+NN,True
J145434.187-003428.19,223.642446,-0.574499,B,NN,False
J150126.605-012501.29,225.360856,-1.417026,B,NN,False
J150421.290+001700.13,226.088711,0.283371,B,AL,False
J151037.311+024908.62,227.655466,2.819062,B,NN,False
J151041.479-011903.79,227.672833,-1.31772,B,NN,False
J151059.207+021938.68,227.746696,2.327413,B,NN,False
J152408.309-014343.35,231.034621,-1.728709,B,NN,False
J152801.078+004030.62,232.004492,0.675174,B,NN,True
J153136.971+002750.99,232.904048,0.464164,B,NN,False
J154823.583+015832.68,237.098266,1.975745,B,NN,False
J155300.545+001455.15,238.252274,0.248655,B,NN,False
J220412.512-350654.12,331.052135,-35.115035,B,NN,False
J220606.000-351958.39,331.525002,-35.332887,B,NN,False
J221016.394-344006.27,332.56831,-34.668411,B,NN,False
J221322.958-285447.91,333.34566,-28.91331,B,AL+NN,False
J221400.330-292031.21,333.501378,-29.342005,B,NN,True
J221647.408-292059.14,334.197537,-29.349763,B,NN,False
J222209.601-335733.28,335.540008,-33.959247,B,NN,False
J222243.178-340745.35,335.679909,-34.129265,B,NN,False
J223409.199-285423.36,338.53833,-28.90649,B,NN,False
J223747.073-281546.48,339.446139,-28.262912,B,NN,False
J224144.452-282152.16,340.43522,-28.364489,B,AL,False
J230024.723-351233.67,345.103013,-35.209355,B,NN,True
J230150.841-352631.68,345.461839,-35.442134,B,NN,False
J230740.782-295058.93,346.919926,-29.849703,B,NN,True
J231606.127-322814.63,349.025533,-32.470731,B,NN,False
J232011.140-294158.79,350.046417,-29.699664,B,NN,True
J232039.461-281711.12,350.164421,-28.286423,B,NN,True
J233323.587-322807.40,353.348281,-32.468724,B,AL,False
J233430.820-313928.28,353.628417,-31.657858,B,NN,False
J234413.445-320057.62,356.056021,-32.016007,B,AL+NN,False
J234450.820-314201.44,356.211752,-31.700402,B,AL+NN,False
J234843.274-304922.09,357.180312,-30.822803,B,NN,False
J235440.569-303219.81,358.669039,-30.538838,B,NN,False
J235629.267-314515.77,359.121947,-31.754382,B,NN,False
J235920.054-281535.45,359.83356,-28.259849,B,NN,False
J000225.597-314232.99,0.606656,-31.709166,C,NN,False
J000310.151-315244.94,0.792296,-31.879152,C,AL+NN,False
J000315.938-345436.17,0.816411,-34.910048,C,NN,False
J000324.583-334529.85,0.852433,-33.758293,C,NN,False
J000340.597-315901.33,0.919158,-31.983704,C,NN,False
J000351.615-323139.88,0.965063,-32.527745,C,AL,False
J000358.589-301359.15,0.994124,-30.233098,C,NN,False
J000408.250-310242.91,1.034378,-31.045253,C,NN,False
J000438.089-352257.32,1.158705,-35.38259,C,NN,False
J000503.899-285952.26,1.266247,-28.997852,C,NN,False
J000550.724-353251.30,1.461354,-35.547586,C,NN,False
J000655.160-311243.70,1.729836,-31.21214,C,NN,False
J000710.475-333017.57,1.793646,-33.504883,C,NN,False
J000719.198-332952.01,1.829995,-33.497782,C,NN,False
J000758.322-341147.29,1.993011,-34.19647,C,NN,False
J000903.800-304121.53,2.265836,-30.689316,C,NN,False
J000910.612-300949.89,2.29422,-30.163861,C,NN,False
J000912.891-300808.68,2.303714,-30.135747,C,NN,False
J000918.471-325904.71,2.326963,-32.984644,C,NN,False
J000946.842-324707.86,2.445176,-32.785519,C,AL+NN,False
J001014.293-325419.97,2.559558,-32.90555,C,NN,False
J001030.201-330838.03,2.625838,-33.143899,C,AL+NN,False
J001040.121-293855.97,2.667173,-29.648883,C,NN,False
J001040.458-325153.80,2.668575,-32.864947,C,NN,False
J001050.434-291010.75,2.710143,-29.169654,C,AL+NN,False
J001142.613-330506.45,2.927555,-33.085127,C,NN,False
J001258.302-312932.05,3.242926,-31.492238,C,NN,False
J001303.270-315005.52,3.263627,-31.834868,C,NN,False
J001429.825-302210.21,3.624275,-30.369503,C,AL,False
J001545.465-344532.34,3.93944,-34.758985,C,NN,False
J001629.506-295149.47,4.122944,-29.863743,C,NN,False
J001701.628-280828.92,4.256785,-28.141368,C,NN,False
J001704.120-274817.79,4.267168,-27.804942,C,NN,False
J001715.159-335107.75,4.313164,-33.852155,C,NN,False
J001729.478-301537.71,4.372826,-30.260476,C,NN,False
J001820.523-313025.28,4.585515,-31.507024,C,NN,False
J001821.057-291434.55,4.58774,-29.242933,C,NN,False
J001839.123-284348.25,4.663014,-28.730072,C,AL+NN,False
J001923.729-331337.32,4.848873,-33.227036,C,NN,False
J001948.460-342929.01,4.951918,-34.491393,C,NN,False
J002033.830-303723.74,5.140959,-30.623263,C,NN,False
J002034.141-280748.35,5.142258,-28.1301,C,NN,False
J002038.546-294233.63,5.16061,-29.709342,C,NN,False
J002109.030-340245.60,5.287625,-34.046002,C,AL+NN,False
J002125.079-340141.55,5.354496,-34.028211,C,NN,False
J002140.750-342715.04,5.419792,-34.454179,C,NN,False
J002140.870-274501.64,5.420292,-27.750457,C,AL+NN,False
J002243.043-321626.24,5.679349,-32.273958,C,AL,False
J002247.948-323334.70,5.699784,-32.559641,C,AL+NN,False
J002335.931-314720.92,5.899715,-31.789145,C,NN,False
J002356.374-285514.21,5.984893,-28.920614,C,NN,False
J002416.020-290451.97,6.066754,-29.081105,C,NN,False
J002438.672-284923.86,6.161135,-28.823295,C,NN,False
J002547.559-320943.15,6.448165,-32.161988,C,NN,False
J002821.763-292606.56,7.090681,-29.435157,C,NN,False
J002838.702-290721.40,7.161262,-29.122612,C,NN,False
J003038.199-281336.85,7.659165,-28.226905,C,NN,False
J003049.306-313245.93,7.705444,-31.546094,C,AL,False
J003050.636-340617.98,7.710985,-34.104997,C,NN,False
J003054.460-305402.16,7.726918,-30.900602,C,NN,False
J003303.669-281119.20,8.26529,-28.188667,C,NN,False
J003306.407-342016.22,8.276699,-34.337841,C,NN,False
J003425.329-331549.94,8.605541,-33.263874,C,NN,False
J003610.779-333114.93,9.044914,-33.520815,C,NN,False
J003643.117-314413.00,9.179657,-31.736946,C,NN,False
J003922.711-305417.45,9.844633,-30.904849,C,NN,False
J004317.781-324056.85,10.82409,-32.682459,C,NN,False
J004342.991-311559.51,10.929131,-31.266533,C,NN,False
J004543.916-305401.77,11.432986,-30.900494,C,NN,False
J004552.645-305736.94,11.469356,-30.960263,C,NN,False
J004602.955-324435.88,11.512314,-32.743302,C,NN,False
J004639.531-312800.26,11.664716,-31.46674,C,NN,False
J004858.473-301540.03,12.243639,-30.261121,C,NN,False
J004943.661-304353.72,12.431924,-30.731589,C,NN,False
J005101.744-302929.01,12.757269,-30.491392,C,AL+NN,False
J005111.197-283839.86,12.796656,-28.644406,C,AL,False
J005149.867-341356.24,12.95778,-34.232291,C,AL,False
J005153.728-281853.12,12.973869,-28.314758,C,NN,False
J005156.516-325611.27,12.985486,-32.936465,C,NN,False
J005203.422-315657.46,13.014262,-31.949295,C,NN,False
J005226.980-341038.61,13.112417,-34.177392,C,NN,False
J005244.375-304421.44,13.184897,-30.739289,C,NN,False
J005321.800-300509.32,13.340837,-30.085925,C,NN,False
J005358.049-292304.38,13.491873,-29.384552,C,NN,False
J005400.674-314548.95,13.502809,-31.763599,C,AL+NN,False
J005415.082-274958.40,13.562844,-27.832891,C,NN,False
J005432.780-314903.93,13.636585,-31.81776,C,NN,False
J005434.090-300302.01,13.642045,-30.050559,C,AL,False
J005501.717-290502.71,13.757155,-29.084087,C,NN,False
J005507.243-315659.54,13.780181,-31.949874,C,NN,False
J005507.987-303755.68,13.783282,-30.632135,C,NN,False
J005530.430-281640.60,13.876792,-28.277946,C,NN,False
J005542.500-343233.14,13.927086,-34.54254,C,NN,False
J005542.896-302159.11,13.928734,-30.366422,C,NN,False
J005606.233-281245.75,14.025973,-28.212711,C,NN,False
J005614.988-320418.22,14.062451,-32.071729,C,NN,False
J005619.145-295149.19,14.079774,-29.863664,C,AL+NN,False
J005622.787-292846.18,14.094947,-29.479496,C,NN,False
J005626.448-304057.57,14.110204,-30.682659,C,NN,False
J005641.822-322133.35,14.17426,-32.359266,C,NN,False
J005738.544-295827.02,14.410604,-29.974175,C,AL+NN,False
J005747.064-313424.62,14.446104,-31.573508,C,NN,False
J005823.962-304946.70,14.599844,-30.829639,C,NN,False
J005835.768-325801.26,14.649037,-32.967017,C,NN,False
J005955.541-293147.72,14.981421,-29.529923,C,NN,False
J010039.577-300811.86,15.164905,-30.136629,C,NN,False
J010107.914-293632.83,15.282979,-29.60912,C,NN,False
J010227.770-335838.99,15.615712,-33.9775,C,NN,False
J010300.216-314810.53,15.750902,-31.802926,C,NN,False
J010307.139-333132.11,15.779749,-33.525587,C,NN,False
J010340.097-343538.83,15.917074,-34.59412,C,NN,False
J010341.155-312022.18,15.921481,-31.339497,C,NN,False
J010348.133-332733.39,15.950557,-33.459277,C,AL+NN,False
J010604.044-321849.42,16.516852,-32.31373,C,NN,False
J010752.533-274713.19,16.968888,-27.786998,C,NN,False
J010848.734-291823.74,17.20306,-29.306597,C,NN,False
J011116.932-340909.01,17.82055,-34.152503,C,AL,False
J011151.663-342141.67,17.965265,-34.361576,C,AL,False
J011229.120-324614.44,18.121335,-32.770678,C,NN,False
J011241.017-330820.32,18.170906,-33.138979,C,AL+NN,False
J011521.945-305039.32,18.841441,-30.844258,C,NN,False
J011541.120-291254.99,18.921336,-29.215276,C,NN,False
J011646.104-334608.11,19.192103,-33.768922,C,NN,False
J011814.281-275645.41,19.559507,-27.94595,C,NN,False
J011826.085-320307.72,19.608689,-32.052147,C,AL+NN,False
J011834.220-293127.61,19.642584,-29.524337,C,NN,False
J011841.628-301557.28,19.673454,-30.265913,C,NN,False
J011925.948-335658.12,19.858118,-33.94948,C,NN,False
J011943.722-332727.80,19.932178,-33.457723,C,NN,False
J012051.614-295154.28,20.215059,-29.865078,C,NN,False
J012139.195-294636.55,20.413316,-29.776821,C,AL,False
J012144.492-325903.21,20.435385,-32.984226,C,AL+NN,False
J012151.938-322607.80,20.466409,-32.435502,C,AL+NN,False
J012257.540-295649.32,20.739751,-29.947034,C,NN,False
J012448.299-342643.11,21.201249,-34.44531,C,NN,False
J012609.507-313047.47,21.539616,-31.513187,C,NN,False
J012653.994-274444.88,21.724979,-27.745802,C,NN,False
J012731.774-293518.53,21.882392,-29.588483,C,NN,False
J012821.929-293625.18,22.091374,-29.606997,C,NN,False
J012900.006-282047.73,22.250029,-28.346593,C,NN,False
J013351.772-334816.27,23.465717,-33.804521,C,NN,False
J013619.249-335932.03,24.080206,-33.992231,C,NN,False
J013638.914-323414.60,24.162145,-32.570724,C,NN,False
J013714.476-334519.14,24.310317,-33.755319,C,NN,False
J013741.355-313208.16,24.422313,-31.535601,C,NN,False
J013803.263-293823.53,24.513597,-29.639871,C,NN,False
J014245.139-335901.40,25.688083,-33.983723,C,NN,False
J014435.210-295228.87,26.146709,-29.874687,C,NN,False
J014535.340-292015.80,26.397251,-29.337723,C,NN,False
J014834.589-285232.28,27.144122,-28.875636,C,NN,False
J015010.885-292632.28,27.545355,-29.442302,C,NN,False
J015114.197-285915.19,27.809155,-28.987555,C,NN,False
J015332.783-295532.06,28.386598,-29.925574,C,NN,False
J015438.986-294811.12,28.662442,-29.803091,C,AL,False
J015642.325-334006.37,29.176357,-33.668438,C,NN,False
J015728.588-321327.22,29.369117,-32.224229,C,NN,False
J015744.981-321925.62,29.437421,-32.323786,C,NN,False
J015745.067-331241.65,29.437782,-33.21157,C,NN,False
J015807.892-294345.03,29.532885,-29.729177,C,AL+NN,False
J015827.460-293558.40,29.61442,-29.599557,C,NN,False
J015835.478-321148.45,29.647829,-32.196793,C,NN,False
J020003.740-302015.82,30.015585,-30.337729,C,NN,False
J020011.264-293951.33,30.046935,-29.664259,C,NN,False
J020021.185-320014.23,30.088273,-32.003955,C,NN,False
J020141.604-315358.46,30.423352,-31.899573,C,NN,False
J020155.221-321031.27,30.48009,-32.175355,C,NN,False
J020303.531-340310.17,30.764713,-34.052827,C,NN,False
J020306.184-321228.72,30.775767,-32.20798,C,NN,False
J020437.535-342237.94,31.156397,-34.377207,C,NN,False
J020459.979-311722.62,31.249913,-31.289617,C,NN,False
J020601.872-284457.18,31.507801,-28.749218,C,NN,False
J020612.752-343236.07,31.553134,-34.543353,C,NN,False
J020747.645-324648.43,31.948523,-32.78012,C,NN,False
J020843.612-334422.76,32.181718,-33.739658,C,NN,False
J020910.791-342956.15,32.294964,-34.498932,C,AL+NN,False
J020935.274-321222.75,32.396979,-32.206321,C,AL,False
J021000.087-315844.04,32.500363,-31.978902,C,NN,False
J021125.582-314141.13,32.856593,-31.694759,C,NN,False
J021222.038-320244.60,33.091828,-32.045725,C,NN,False
J021231.248-301639.57,33.130202,-30.27766,C,NN,False
J021256.731-331447.93,33.236381,-33.246649,C,AL+NN,False
J021304.288-310359.33,33.26787,-31.066481,C,NN,False
J021330.870-322645.61,33.378628,-32.446004,C,AL+NN,False
J021345.491-323801.98,33.439546,-32.633885,C,NN,False
J021418.259-322843.43,33.576081,-32.478731,C,NN,False
J021420.324-343416.43,33.584687,-34.571232,C,NN,False
J021439.139-310658.50,33.663081,-31.116251,C,NN,False
J021624.972-332404.57,34.104054,-33.401271,C,NN,False
J021633.812-294702.14,34.140884,-29.783928,C,NN,False
J021635.449-340426.87,34.147705,-34.074131,C,NN,False
J021642.979-340102.54,34.179082,-34.017374,C,NN,False
J021805.881-303910.34,34.524507,-30.652873,C,NN,False
J021826.991-313639.87,34.612464,-31.611077,C,NN,False
J021842.566-330531.04,34.677359,-33.091957,C,NN,False
J021848.869-290526.41,34.703622,-29.090672,C,AL+NN,False
J021933.984-315948.35,34.891604,-31.996764,C,NN,False
J021951.603-332415.71,34.965013,-33.404366,C,NN,False
J021951.692-332413.67,34.965387,-33.4038,C,NN,False
J022035.281-343042.63,35.147008,-34.511844,C,NN,False
J022113.301-312744.01,35.305422,-31.462227,C,NN,False
J022245.086-315812.34,35.687861,-31.970095,C,NN,False
J022510.949-312156.50,36.295621,-31.365696,C,NN,False
J022531.648-303609.43,36.38187,-30.602621,C,NN,False
J022600.896-301946.10,36.503737,-30.329474,C,NN,False
J022702.224-274850.95,36.759267,-27.814155,C,NN,False
J022803.649-323546.55,37.015205,-32.596264,C,NN,False
J022828.876-293614.96,37.12032,-29.604157,C,NN,False
J022833.096-343107.98,37.137901,-34.518884,C,NN,False
J022843.948-315903.19,37.18312,-31.984221,C,NN,False
J022856.152-343151.54,37.23397,-34.530986,C,NN,False
J022859.082-290954.88,37.246178,-29.165247,C,NN,False
J022911.586-304850.81,37.298278,-30.814116,C,NN,False
J022929.911-314236.37,37.37463,-31.710105,C,NN,False
J022936.690-323505.69,37.402875,-32.584914,C,NN,False
J023020.464-335305.15,37.585268,-33.884764,C,NN,False
J023022.962-290256.56,37.595677,-29.049045,C,NN,False
J023051.805-293339.03,37.715855,-29.560842,C,NN,False
J023246.400-320456.06,38.193335,-32.08224,C,NN,False
J023301.725-302948.40,38.257188,-30.496779,C,NN,False
J023353.826-312527.12,38.474278,-31.424201,C,NN,False
J023503.576-330906.13,38.764902,-33.151703,C,NN,False
J023513.662-322303.21,38.806927,-32.384226,C,NN,False
J023539.205-303629.41,38.913357,-30.608171,C,NN,False
J023540.176-292044.72,38.917404,-29.345757,C,NN,False
J023716.942-310928.56,39.320593,-31.157935,C,NN,False
J023736.904-323917.07,39.40377,-32.654744,C,NN,False
J023752.685-323755.47,39.469524,-32.632077,C,NN,False
J023755.571-291012.13,39.481549,-29.170038,C,NN,False
J023807.084-320118.59,39.529519,-32.021833,C,NN,False
J023814.238-281508.41,39.559326,-28.252337,C,NN,False
J023917.670-331403.61,39.823629,-33.234338,C,NN,False
J024011.010-332205.19,40.045875,-33.368109,C,NN,False
J024028.439-302414.74,40.118496,-30.404097,C,NN,False
J024117.730-341529.47,40.323879,-34.258187,C,AL+NN,False
J024130.061-280752.35,40.375256,-28.131211,C,NN,False
J024155.012-311008.60,40.479217,-31.169058,C,NN,False
J024155.468-293139.56,40.481117,-29.527657,C,NN,False
J024204.571-341304.85,40.519046,-34.218015,C,NN,False
J024308.127-330420.61,40.783864,-33.072392,C,NN,False
J024308.136-330418.47,40.7839,-33.071799,C,NN,False
J024542.062-330241.25,41.425262,-33.044794,C,NN,False
J024547.189-301353.55,41.446621,-30.231542,C,NN,False
J024607.546-300352.32,41.531443,-30.064535,C,NN,False
J024629.454-334314.98,41.622729,-33.720829,C,NN,False
J024630.498-323806.10,41.627075,-32.63503,C,NN,False
J024631.608-334047.97,41.631703,-33.679994,C,NN,False
J024638.363-340604.13,41.659849,-34.101149,C,NN,False
J024800.904-332141.28,42.00377,-33.361469,C,NN,False
J024824.068-340449.43,42.100286,-34.080399,C,NN,False
J024824.261-340446.87,42.10109,-34.079687,C,NN,False
J024848.342-312616.50,42.201428,-31.437919,C,AL+NN,False
J024853.891-300356.87,42.224548,-30.065798,C,NN,False
J025012.200-322025.94,42.550835,-32.34054,C,NN,False
J025249.806-313046.78,43.207527,-31.512995,C,NN,False
J025405.175-315648.65,43.521566,-31.946848,C,NN,False
J025430.329-285414.73,43.626371,-28.904093,C,NN,False
J025455.629-332855.76,43.731789,-33.482158,C,NN,False
J025701.075-353123.52,44.254481,-35.5232,C,NN,False
J025807.627-323401.31,44.531781,-32.567031,C,AL,False
J025829.016-311805.77,44.620903,-31.301605,C,NN,False
J025854.233-280214.26,44.725973,-28.037296,C,NN,False
J025939.970-295259.66,44.916543,-29.883241,C,NN,False
J030000.984-264109.81,45.004101,-26.686059,C,NN,False
J030110.807-295757.94,45.295032,-29.966096,C,NN,False
J030155.683-270525.26,45.482014,-27.090351,C,NN,False
J030158.199-291608.45,45.492498,-29.269014,C,NN,False
J030230.293-313314.71,45.626224,-31.554088,C,NN,False
J030306.634-261125.10,45.777643,-26.190308,C,NN,False
J030314.774-271811.68,45.811562,-27.303246,C,NN,False
J030321.493-295805.40,45.839557,-29.968169,C,NN,False
J030352.646-310018.54,45.969362,-31.00515,C,AL+NN,False
J030432.924-280241.42,46.137186,-28.04484,C,NN,False
J030526.321-333144.54,46.359671,-33.52904,C,NN,False
J030538.054-272725.63,46.408559,-27.457121,C,NN,False
J030639.812-283827.10,46.665887,-28.640862,C,NN,False
J030651.005-275901.71,46.712525,-27.983809,C,NN,False
J030802.037-281354.27,47.008491,-28.231742,C,NN,False
J030817.718-320854.76,47.073829,-32.148547,C,NN,False
J030936.116-330839.48,47.400486,-33.144302,C,NN,False
J030958.926-312216.75,47.495526,-31.371322,C,NN,False
J031129.774-260955.59,47.874059,-26.165442,C,NN,False
J031158.785-293906.32,47.994939,-29.651758,C,NN,False
J031201.885-283432.36,48.007855,-28.575657,C,NN,False
J031208.087-304906.29,48.033697,-30.818415,C,NN,False
J031209.255-304613.05,48.038565,-30.770293,C,NN,False
J031325.100-320422.80,48.354584,-32.073,C,NN,False
J031356.840-263657.97,48.486835,-26.616105,C,NN,False
J031415.274-281241.95,48.563645,-28.211653,C,NN,False
J031424.032-334859.41,48.600136,-33.816503,C,AL+NN,False
J031444.870-283415.42,48.686961,-28.570951,C,NN,False
J031455.834-303309.52,48.732642,-30.552646,C,NN,False
J031503.046-254930.68,48.762693,-25.82519,C,NN,False
J031506.813-322723.52,48.77839,-32.456534,C,NN,False
J031620.231-301737.97,49.084296,-30.293883,C,NN,False
J031717.554-254927.64,49.323142,-25.824345,C,NN,False
J031746.283-295956.15,49.442848,-29.998931,C,NN,False
J031751.931-310039.19,49.466382,-31.010887,C,AL,False
J031816.135-305843.80,49.567231,-30.978836,C,NN,False
J031903.646-293207.06,49.765194,-29.535295,C,NN,False
J031917.188-300249.41,49.821618,-30.047059,C,NN,False
J032029.322-283109.77,50.122177,-28.519382,C,NN,False
J032039.626-314340.82,50.165111,-31.728008,C,NN,False
J032140.619-335304.89,50.419248,-33.884692,C,NN,False
J032204.090-291513.99,50.517045,-29.253887,C,AL,False
J032205.470-281541.59,50.522795,-28.261555,C,NN,False
J032345.134-291621.96,50.938059,-29.272769,C,NN,False
J032401.610-312338.29,51.006712,-31.393971,C,NN,False
J032405.187-351044.93,51.021616,-35.179148,C,NN,False
J032424.823-322337.52,51.103431,-32.393756,C,NN,False
J032433.431-341427.40,51.139296,-34.240946,C,NN,False
J032525.224-274229.36,51.355102,-27.708157,C,NN,False
J032552.779-350218.89,51.469915,-35.038581,C,NN,False
J032706.873-322606.39,51.778638,-32.435109,C,NN,False
J032735.826-353450.98,51.899276,-35.58083,C,NN,False
J032804.960-331220.22,52.020668,-33.205617,C,NN,False
J032833.924-264748.33,52.14135,-26.79676,C,NN,False
J032856.022-310533.12,52.233427,-31.092536,C,NN,False
J032933.048-313225.87,52.387702,-31.54052,C,NN,False
J033008.217-265523.19,52.53424,-26.923111,C,NN,False
J033053.943-254513.79,52.724764,-25.753831,C,NN,False
J033112.712-340843.51,52.80297,-34.145422,C,NN,False
J033247.081-262058.25,53.196174,-26.349515,C,NN,False
J033333.332-302442.63,53.388884,-30.411844,C,NN,False
J033407.811-330949.52,53.53255,-33.163756,C,NN,False
J033435.925-325714.11,53.649688,-32.95392,C,NN,False
J033503.295-263757.58,53.76373,-26.632662,C,NN,False
J033514.706-261255.11,53.811276,-26.215311,C,NN,False
J033604.082-345347.32,54.01701,-34.89648,C,NN,False
J083504.129+011151.07,128.767207,1.197522,C,NN,False
J083532.740-004729.73,128.886418,-0.791593,C,NN,False
J083759.404-002532.04,129.497517,-0.425569,C,NN,False
J083800.142+014850.11,129.500592,1.813922,C,NN,False
J083804.632+012950.01,129.519302,1.497227,C,NN,False
J083907.926-012316.56,129.783029,-1.387936,C,NN,True
J083952.113-013733.15,129.967139,-1.625877,C,NN,False
J084001.419+010602.42,130.005914,1.100673,C,NN,False
J084005.297+015419.52,130.022075,1.905425,C,NN,False
J084012.739-003023.81,130.053082,-0.506614,C,NN,False
J084028.836-012205.47,130.120152,-1.368188,C,NN,False
J084150.605-014218.89,130.460858,-1.705248,C,AL,False
J084308.612-011756.41,130.785884,-1.299004,C,NN,False
J084323.025-000920.30,130.845941,-0.155639,C,NN,False
J084327.119+003439.81,130.863,0.577727,C,NN,False
J084327.132+003442.31,130.863052,0.578422,C,NN,False
J084555.430-002541.52,131.480962,-0.428202,C,NN,False
J084556.584-013214.52,131.485769,-1.537368,C,NN,False
J084600.560+000740.49,131.502336,0.127914,C,NN,False
J084623.128-012218.47,131.596367,-1.371799,C,NN,False
J084638.995-014943.26,131.662482,-1.828685,C,NN,False
J085010.717+001108.79,132.544657,0.185776,C,NN,False
J085011.852+005639.26,132.549384,0.94424,C,NN,False
J085028.817+000528.19,132.620074,0.091165,C,NN,False
J085048.808+003122.61,132.703369,0.522949,C,NN,False
J085110.967+020948.24,132.795696,2.163402,C,NN,False
J085207.691-010741.04,133.032048,-1.128068,C,NN,False
J085207.715-010743.19,133.032149,-1.128666,C,NN,False
J085217.838+000345.16,133.074326,0.062547,C,NN,False
J085234.895+014809.80,133.145396,1.802725,C,NN,False
J085309.425-003042.87,133.289274,-0.51191,C,NN,False
J085649.853+000011.84,134.207724,0.003289,C,NN,False
J085847.502-003359.10,134.697926,-0.566418,C,NN,False
J085936.300-012712.22,134.901251,-1.453397,C,NN,False
J085951.839+001757.82,134.965999,0.299397,C,NN,False
J090040.060+005035.68,135.166919,0.843247,C,NN,False
J090041.472+023350.65,135.172803,2.564071,C,NN,False
J090058.331-005706.55,135.243047,-0.951822,C,NN,False
J090112.589+023124.49,135.302455,2.523472,C,NN,False
J090159.712-013158.69,135.498801,-1.53297,C,NN,False
J090200.640+020050.07,135.502668,2.013909,C,NN,False
J090227.671-001536.64,135.615299,-0.26018,C,NN,False
J090232.380+012844.75,135.63492,1.479099,C,NN,False
J090249.438+004900.15,135.705994,0.816711,C,NN,False
J090311.552-002402.07,135.798134,-0.400577,C,NN,False
J090355.522-014030.81,135.981345,-1.675225,C,NN,False
J090420.333-010416.56,136.084723,-1.071269,C,NN,False
J090602.074-015300.40,136.508643,-1.883445,C,NN,False
J090637.024+012029.82,136.654269,1.341617,C,NN,False
J090711.777+005849.83,136.799073,0.980511,C,NN,False
J090715.273+000859.02,136.813641,0.14973,C,NN,False
J090820.843-014325.15,137.086849,-1.723655,C,NN,False
J090834.462-004634.09,137.143594,-0.776138,C,NN,False
J090854.311-013459.47,137.2263,-1.583188,C,AL,False
J091051.123-015136.19,137.713013,-1.860053,C,NN,False
J091142.552+025449.23,137.9273,2.913676,C,NN,False
J091225.653-015635.25,138.106889,-1.943127,C,NN,False
J091341.642+001629.34,138.423509,0.274818,C,NN,False
J091412.063-014111.91,138.550263,-1.686642,C,NN,False
J091439.642-000113.61,138.665177,-0.020449,C,NN,False
J091448.306-003758.48,138.701277,-0.632913,C,NN,False
J091520.285-001859.86,138.834521,-0.316629,C,AL+NN,False
J091730.029+010855.93,139.375122,1.148871,C,AL+NN,False
J091906.613-012949.31,139.777556,-1.497033,C,AL,False
J091931.326+013125.33,139.880527,1.523704,C,NN,False
J091952.612-013903.10,139.969217,-1.650863,C,NN,False
J092027.680+003723.67,140.115335,0.623242,C,NN,False
J092038.913+004724.58,140.162139,0.790163,C,NN,False
J092126.730-000803.62,140.361379,-0.134339,C,NN,False
J092138.337-001607.34,140.40974,-0.268707,C,NN,False
J092210.976-012551.49,140.545737,-1.430971,C,NN,False
J092216.803-001937.22,140.570014,-0.327006,C,NN,False
J092237.240+000313.78,140.65517,0.053829,C,AL,False
J092315.306+000858.86,140.813779,0.149685,C,NN,False
J092342.036+000033.24,140.925153,0.009234,C,NN,False
J092403.832-013111.64,141.01597,-1.519902,C,NN,False
J092434.390-015417.21,141.143293,-1.904782,C,NN,True
J092450.205+005615.03,141.209189,0.93751,C,NN,False
J092454.581+003913.20,141.227425,0.653668,C,NN,False
J092506.084-002956.77,141.275351,-0.499103,C,NN,False
J092521.431+001602.92,141.339296,0.26748,C,AL,False
J092533.700-003154.53,141.390419,-0.531815,C,NN,False
J092554.294-000551.79,141.476226,-0.097722,C,AL+NN,False
J100014.899+023933.92,150.062083,2.659423,C,NN,False
J102241.744+015457.97,155.673934,1.916104,C,NN,False
J102441.665+000525.83,156.173607,0.09051,C,NN,False
J102950.376+003916.60,157.459903,0.654613,C,NN,False
J103040.569+000757.14,157.669041,0.13254,C,NN,False
J103058.717-005129.94,157.744657,-0.858317,C,NN,False
J103112.628-002100.17,157.802617,-0.350049,C,NN,False
J103128.399-005417.20,157.868331,-0.90478,C,NN,False
J103150.947+014515.73,157.962283,1.75437,C,AL+NN,False
J103333.467+014008.23,158.389447,1.668954,C,NN,False
J103647.376+013247.73,159.197403,1.546594,C,NN,False
J103948.542-005120.55,159.952262,-0.855711,C,AL+NN,False
J104049.648+015134.91,160.206867,1.859698,C,NN,False
J104157.347-004606.55,160.48895,-0.768488,C,NN,False
J104204.819+002244.87,160.52008,0.379132,C,NN,False
J104356.330-021511.31,160.98471,-2.253142,C,NN,False
J104422.357+004237.22,161.093156,0.710341,C,NN,False
J104445.420-022135.97,161.189253,-2.359994,C,NN,False
J104459.205+011733.38,161.246691,1.292606,C,AL,False
J104744.553-002953.80,161.935639,-0.49828,C,NN,False
J104746.814-024123.81,161.945061,-2.689949,C,NN,False
J105543.485-004527.44,163.931189,-0.757625,C,NN,False
J105924.964+003048.63,164.85402,0.513511,C,NN,False
J110022.798+004535.92,165.094992,0.759978,C,NN,False
J110034.939-002031.28,165.145582,-0.342024,C,NN,False
J110050.976-005252.49,165.212404,-0.881248,C,NN,False
J110306.214+005010.22,165.775893,0.836175,C,AL+NN,False
J110407.049-000349.40,166.029375,-0.063724,C,NN,False
J110417.276+012511.02,166.071986,1.419729,C,NN,False
J110420.503+000121.45,166.085433,0.022626,C,NN,False
J110434.167+021813.63,166.142366,2.303788,C,NN,False
J110740.416+021258.44,166.918401,2.216236,C,NN,False
J110749.168+025143.11,166.954868,2.861975,C,AL+NN,False
J110750.894+010048.34,166.962059,1.01343,C,NN,False
J110813.309+004649.44,167.055457,0.780401,C,NN,False
J110920.975-015828.75,167.3374,-1.974653,C,NN,False
J110924.035-004342.68,167.350148,-0.728524,C,NN,False
J110944.804-004552.34,167.436684,-0.764541,C,NN,False
J111035.910-025427.79,167.649627,-2.907721,C,NN,False
J111036.882-025605.96,167.653679,-2.93499,C,NN,False
J111039.442+003254.99,167.664342,0.548609,C,NN,False
J111156.757+010355.10,167.98649,1.065306,C,NN,False
J111249.137-002059.49,168.20474,-0.349861,C,NN,False
J111251.442-000133.67,168.214342,-0.026021,C,NN,False
J111501.661+022423.41,168.756921,2.406504,C,NN,False
J111509.937+005935.26,168.791405,0.993128,C,NN,False
J111545.190-023341.87,168.938294,-2.561631,C,NN,False
J111605.714-014752.14,169.02381,-1.797818,C,NN,False
J111709.572+023416.60,169.289886,2.571279,C,NN,False
J111717.443+013120.86,169.32268,1.522462,C,NN,False
J111757.268-011806.35,169.48862,-1.301766,C,NN,False
J111826.578-022833.24,169.610745,-2.475901,C,NN,False
J112129.921-023211.32,170.374672,-2.536479,C,NN,False
J112206.307-005254.84,170.526281,-0.881902,C,AL+NN,False
J112339.058+024909.57,170.912742,2.819327,C,NN,False
J112439.424+001136.52,171.164269,0.19348,C,NN,False
J112542.809+013128.99,171.428375,1.52472,C,NN,False
J112614.319+015546.86,171.559664,1.929686,C,NN,False
J112740.913-010154.99,171.920471,-1.031944,C,AL+NN,False
J112804.447-003952.39,172.018531,-0.664553,C,NN,False
J112817.069-010644.60,172.071121,-1.112389,C,NN,False
J112859.626-001454.82,172.248443,-0.248563,C,AL+NN,False
J112903.540+014050.83,172.264754,1.680787,C,NN,False
J112909.209+025416.90,172.288372,2.904695,C,NN,False
J112943.638+003122.05,172.431828,0.522793,C,NN,False
J112947.237-013141.95,172.446822,-1.528321,C,NN,False
J113015.662+004141.57,172.565262,0.694882,C,NN,False
J113138.085-010524.52,172.908691,-1.090146,C,NN,False
J113150.550+004852.56,172.960626,0.814602,C,NN,False
J113239.637-014945.86,173.165155,-1.829406,C,NN,False
J113543.856-024328.14,173.932737,-2.724486,C,NN,False
J113621.354+005344.13,174.088977,0.895594,C,NN,False
J113623.150-000215.68,174.096462,-0.037691,C,NN,False
J113914.205-021926.72,174.80919,-2.32409,C,NN,False
J114135.539-005446.90,175.398083,-0.913028,C,NN,False
J114214.445+003754.68,175.560188,0.631858,C,NN,False
J114253.657+004443.19,175.723573,0.745332,C,NN,False
J114427.490+005419.83,176.114545,0.905509,C,NN,False
J114435.834+021023.03,176.149311,2.173066,C,NN,False
J114508.730-024120.55,176.286378,-2.689044,C,NN,False
J114549.377-010652.13,176.455741,-1.114483,C,NN,False
J114621.036-023659.97,176.587653,-2.616659,C,NN,False
J114621.135-014052.32,176.588066,-1.681202,C,NN,True
J114712.743+010530.40,176.803096,1.09178,C,NN,False
J114746.675-001801.51,176.944482,-0.300422,C,AL,False
J114805.312-023538.05,177.022136,-2.593905,C,NN,False
J114811.298+000829.32,177.047076,0.14148,C,NN,False
J114854.215-025310.26,177.225898,-2.886185,C,NN,False
J115020.498+023529.59,177.585412,2.591555,C,NN,False
J115025.512+021734.62,177.606302,2.292952,C,NN,False
J115044.087-012607.81,177.683698,-1.435503,C,NN,False
J115228.076-012641.26,178.116985,-1.444797,C,NN,False
J115234.230-005356.70,178.142625,-0.899086,C,NN,False
J115313.868-010226.14,178.307784,-1.040597,C,NN,True
J115315.980+002701.70,178.316585,0.450474,C,NN,False
J115317.199-013228.77,178.321666,-1.541327,C,AL+NN,False
J115344.862-011702.71,178.436929,-1.284088,C,NN,False
J115426.626+025552.60,178.610945,2.931278,C,NN,False
J115450.951+020738.11,178.712298,2.127253,C,NN,False
J115719.999-010438.12,179.333333,-1.077256,C,NN,False
J115759.863-003839.14,179.499433,-0.644206,C,NN,False
J115804.105-001639.20,179.517105,-0.277556,C,AL+NN,False
J115849.426-022841.75,179.705942,-2.478265,C,NN,False
J115920.987-025436.03,179.837448,-2.91001,C,AL+NN,False
J115925.663-015107.58,179.856931,-1.852108,C,NN,False
J120000.813-003717.48,180.003391,-0.621523,C,AL+NN,False
J120012.699-003447.77,180.052916,-0.579937,C,NN,False
J120108.021-011226.60,180.283422,-1.207389,C,NN,False
J120220.119+021145.24,180.58383,2.195902,C,NN,False
J120226.718-011036.24,180.611328,-1.176734,C,NN,False
J120527.465-020822.43,181.364439,-2.139565,C,NN,False
J120540.460+023011.53,181.418586,2.503205,C,NN,False
J120558.365-001706.02,181.49319,-0.285007,C,NN,False
J120622.192+001024.04,181.592467,0.173347,C,AL,False
J120633.888+002105.27,181.641204,0.351465,C,AL,False
J120703.953-014948.13,181.766473,-1.830037,C,AL+NN,False
J120720.504+000524.09,181.835436,0.090026,C,NN,False
J120743.427+002457.69,181.930946,0.416026,C,NN,False
J120745.339-004059.46,181.938915,-0.683184,C,NN,False
J120827.461+001611.33,182.114422,0.269816,C,NN,False
J120906.821-014759.84,182.278421,-1.799957,C,NN,False
J120940.293-015050.60,182.417888,-1.84739,C,NN,False
J121001.474+010453.62,182.506142,1.081563,C,NN,False
J121014.471-002943.18,182.560296,-0.49533,C,NN,False
J121144.467+010425.48,182.935283,1.073747,C,NN,False
J121150.515+012011.77,182.960483,1.336605,C,NN,False
J121217.625+015308.19,183.07344,1.885609,C,NN,True
J121229.511-014225.45,183.122966,-1.707071,C,NN,False
J121229.843+004214.53,183.124346,0.704037,C,NN,False
J121236.700-005300.54,183.152918,-0.883485,C,NN,False
J121249.260-003836.62,183.205253,-0.643506,C,NN,False
J121303.080-012049.11,183.262834,-1.346975,C,NN,False
J121317.558+015311.22,183.323162,1.886451,C,AL,True
J121339.117+014055.80,183.412991,1.682167,C,NN,False
J121441.369-020606.75,183.672375,-2.101875,C,NN,False
J121452.608+012702.92,183.719202,1.450812,C,NN,False
J121544.034+012108.48,183.933476,1.352356,C,NN,False
J121603.233+001343.57,184.013473,0.228772,C,NN,False
J121653.865+020521.74,184.224439,2.089373,C,NN,False
J121708.321-014946.39,184.284675,-1.829553,C,NN,False
J121722.656+020728.60,184.3444,2.124612,C,NN,False
J121747.066-021301.65,184.446111,-2.217127,C,NN,False
J121751.223-021932.62,184.46343,-2.325728,C,NN,False
J121813.569+012446.93,184.556539,1.413037,C,NN,False
J121831.645-011154.22,184.631856,-1.198395,C,NN,False
J121851.994-015434.23,184.716643,-1.90951,C,AL,False
J121934.341-013409.10,184.893089,-1.569195,C,AL+NN,False
J121944.817+005052.85,184.936741,0.848016,C,AL,False
J121949.446-024522.99,184.956027,-2.756388,C,NN,False
J122004.151+001820.18,185.017298,0.305606,C,NN,False
J122016.934+003622.96,185.07056,0.606378,C,NN,False
J122028.481-003441.57,185.118674,-0.578216,C,NN,False
J122036.188+023456.58,185.150786,2.582386,C,NN,False
J122105.374-024358.39,185.272394,-2.732888,C,NN,False
J122105.449-024357.49,185.272708,-2.732638,C,NN,False
J122246.482+004805.54,185.693679,0.801539,C,NN,False
J122250.545+010443.61,185.710608,1.078783,C,NN,False
J122333.577+002107.63,185.889907,0.352122,C,NN,False
J122418.850-015014.94,186.078545,-1.837484,C,NN,False
J122423.573-003227.21,186.098221,-0.540894,C,NN,False
J122444.798-004111.99,186.186659,-0.686666,C,NN,False
J122450.213+015537.48,186.209225,1.92708,C,NN,False
J122510.832-024605.68,186.295136,-2.768245,C,NN,False
J122540.244-025030.76,186.417687,-2.841879,C,NN,False
J122615.020+021356.89,186.562584,2.232471,C,AL+NN,False
J122705.834+003503.41,186.77431,0.584282,C,NN,False
J122738.570+013917.62,186.91071,1.654895,C,NN,False
J122800.681+002207.26,187.002839,0.368685,C,AL,False
J123033.931-021539.58,187.641383,-2.260995,C,NN,False
J123245.277+000447.69,188.188656,0.079914,C,NN,False
J123336.358+014425.54,188.401493,1.740429,C,NN,False
J123522.982+002714.32,188.845759,0.45398,C,NN,False
J123801.398+005931.88,189.505829,0.992189,C,AL+NN,False
J123947.940+025810.94,189.94975,2.969706,C,NN,False
J124007.139+004636.98,190.029748,0.77694,C,AL,False
J124030.433-002836.42,190.126806,-0.476786,C,NN,False
J124100.859+003349.03,190.25358,0.563622,C,NN,False
J124137.951+003955.87,190.408132,0.66552,C,AL+NN,False
J124403.496+002016.50,191.014567,0.337919,C,NN,False
J124415.126+003306.82,191.063028,0.551897,C,NN,False
J124423.757-004427.18,191.09899,-0.740886,C,NN,False
J124557.566+013523.39,191.489859,1.589832,C,NN,False
J124854.082+021607.38,192.225342,2.268718,C,NN,False
J125035.170+002524.71,192.646543,0.423533,C,NN,False
J125040.171+000156.28,192.667381,0.0323,C,AL+NN,False
J125106.039+000727.72,192.775163,0.124368,C,NN,False
J125513.809-001312.27,193.80754,-0.220077,C,NN,False
J125655.014+010015.26,194.229229,1.00424,C,NN,False
J125802.958-001109.98,194.512326,-0.186106,C,NN,False
J125814.219-005013.87,194.55925,-0.837188,C,AL,True
J125830.886+004840.79,194.628692,0.811332,C,NN,False
J125948.502+021501.89,194.952093,2.250527,C,AL+NN,False
J130239.117-004351.98,195.662988,-0.731107,C,NN,False
J130358.296+000534.04,195.992901,0.09279,C,NN,False
J130405.616-002434.63,196.023402,-0.409621,C,NN,False
J130408.309-003259.96,196.034624,-0.549989,C,NN,False
J130409.727-000305.23,196.04053,-0.051454,C,NN,False
J130514.683+025244.74,196.311183,2.879096,C,NN,False
J130615.269+001000.78,196.563624,0.166886,C,AL,False
J130730.375+004326.05,196.876563,0.723905,C,NN,False
J130817.025-003630.92,197.070939,-0.608591,C,NN,False
J130824.440+002129.46,197.101834,0.358185,C,NN,False
J130850.394+012726.19,197.209978,1.457275,C,NN,False
J130908.134-001504.53,197.283894,-0.25126,C,NN,False
J130926.414+022326.78,197.36006,2.390774,C,AL+NN,False
J131246.618-000615.69,198.194243,-0.104361,C,NN,False
J131254.126+013441.03,198.225528,1.578065,C,NN,False
J131331.478+020039.45,198.381161,2.01096,C,NN,False
J131346.200-004725.88,198.442504,-0.790523,C,NN,False
J131421.997+014906.84,198.591655,1.818567,C,AL+NN,False
J131522.345-002157.87,198.843108,-0.366077,C,NN,False
J131526.280+021148.51,198.859503,2.19681,C,AL+NN,False
J132014.494+014937.43,200.060393,1.827065,C,NN,False
J132045.062-001258.95,200.187759,-0.216377,C,NN,False
J132227.429+004232.64,200.614288,0.709067,C,NN,False
J132239.218-024009.30,200.663411,-2.669252,C,NN,False
J132303.904-000655.50,200.76627,-0.115419,C,NN,False
J132410.539-023236.55,201.043915,-2.543488,C,NN,False
J132443.155-003532.54,201.179813,-0.592374,C,NN,False
J132615.793-001932.92,201.565806,-0.325813,C,NN,False
J132649.704-002255.49,201.707101,-0.382083,C,AL,False
J132755.772-001126.29,201.982386,-0.190637,C,AL,False
J132910.812-002452.80,202.29505,-0.414668,C,AL+NN,False
J133129.464+000514.82,202.872768,0.087452,C,NN,False
J133151.760+003150.33,202.96567,0.530648,C,NN,False
J133254.353+014416.08,203.226472,1.737801,C,NN,False
J133426.299-005402.67,203.609581,-0.900743,C,NN,False
J133519.685+001838.21,203.832023,0.310616,C,NN,False
J133519.911+001837.44,203.832965,0.3104,C,NN,False
J133541.398+010720.39,203.922493,1.122333,C,NN,False
J133554.535-005014.06,203.97723,-0.837241,C,NN,False
J133559.392-000003.65,203.997469,-0.001014,C,NN,False
J133655.120-020735.43,204.229667,-2.126509,C,NN,False
J133701.430-004057.97,204.255962,-0.682772,C,NN,False
J133703.192-001410.49,204.2633,-0.23625,C,NN,False
J133710.506-010900.55,204.293778,-1.150154,C,NN,False
J133717.868-022114.33,204.324452,-2.353982,C,NN,False
J133719.017-005103.79,204.32924,-0.851053,C,NN,False
J133748.134-022212.17,204.45056,-2.37005,C,NN,False
J133901.487-004741.13,204.756198,-0.794759,C,NN,False
J133956.992-020903.98,204.987467,-2.151106,C,NN,False
J134033.807-002013.45,205.140864,-0.337071,C,NN,False
J134142.957+012535.58,205.428991,1.426551,C,NN,False
J134158.123-001544.76,205.492183,-0.262434,C,NN,False
J134258.852-004632.86,205.74522,-0.775797,C,NN,False
J134302.151-013344.90,205.758963,-1.562474,C,NN,False
J134310.971-002701.83,205.795713,-0.45051,C,NN,False
J134508.961-014404.27,206.28734,-1.734521,C,NN,False
J134551.846-002348.32,206.466026,-0.396758,C,NN,False
J134708.648-020120.43,206.786036,-2.022343,C,NN,False
J134711.205+010613.85,206.796691,1.10385,C,NN,False
J134832.478+003516.31,207.135327,0.587865,C,NN,False
J134843.009-015644.59,207.179206,-1.945721,C,NN,True
J135102.567+002420.96,207.760699,0.405824,C,NN,False
J135145.508-010605.21,207.939618,-1.101449,C,NN,False
J135159.700+002613.25,207.998754,0.437015,C,NN,False
J135346.328+011429.07,208.443034,1.241409,C,NN,False
J135626.703+012113.80,209.111264,1.353835,C,NN,False
J135812.186+010004.39,209.550777,1.001222,C,NN,False
J140119.273+010739.69,210.330305,1.127693,C,AL,False
J140234.823+022643.78,210.645096,2.445496,C,NN,False
J140243.032+023024.60,210.679302,2.506835,C,NN,False
J140256.412-005933.17,210.735052,-0.992549,C,NN,False
J140328.584+003538.70,210.869104,0.594084,C,NN,False
J140347.693-002114.44,210.948721,-0.354012,C,NN,False
J140511.869-024312.60,211.299455,-2.720169,C,NN,False
J140534.817+020211.56,211.395071,2.036546,C,NN,False
J140711.638-025741.52,211.798492,-2.961534,C,NN,False
J140718.289-013750.24,211.826205,-1.630624,C,AL,False
J140739.648+021631.15,211.915201,2.275321,C,NN,False
J140741.638+024007.29,211.923492,2.668694,C,NN,False
J140850.255-013218.21,212.209396,-1.538393,C,NN,False
J141051.347+015240.73,212.713949,1.877982,C,NN,False
J141115.947+014634.97,212.816448,1.776382,C,NN,False
J141119.689-020718.16,212.832041,-2.121712,C,NN,False
J141233.257+020423.22,213.138572,2.073117,C,AL+NN,False
J141302.614+001545.65,213.260893,0.262682,C,NN,False
J141313.785+013106.75,213.30744,1.518542,C,NN,False
J141330.037+023211.45,213.375157,2.536514,C,NN,False
J141338.832+003723.39,213.411801,0.623164,C,NN,False
J141434.792-005914.08,213.644968,-0.987245,C,NN,True
J141516.104-004046.16,213.817101,-0.67949,C,AL,False
J141548.840-002252.46,213.953501,-0.381239,C,NN,False
J141609.616+022454.58,214.040067,2.415163,C,NN,False
J141630.058-002935.23,214.125244,-0.493121,C,NN,False
J141649.396+013607.13,214.20582,1.601982,C,AL,False
J141738.378-004621.98,214.409911,-0.772773,C,NN,False
J141820.356+011608.00,214.58482,1.268889,C,NN,False
J141946.388+005511.73,214.943286,0.919925,C,NN,False
J141953.172+000144.49,214.971551,0.029027,C,NN,False
J142016.646+005719.08,215.069362,0.955301,C,NN,False
J142043.658-000133.19,215.181912,-0.025887,C,NN,False
J142116.381+023741.67,215.318256,2.628244,C,NN,True
J142251.341-010308.43,215.713924,-1.052344,C,NN,False
J142324.245+001344.12,215.851022,0.228924,C,NN,False
J142348.180+000027.02,215.950752,0.007508,C,NN,False
J142434.478+004226.93,216.143659,0.707481,C,NN,False
J142502.010-005818.78,216.258377,-0.971886,C,NN,False
J142535.231-025634.97,216.396796,-2.943048,C,NN,False
J142720.935+004428.06,216.837232,0.741129,C,NN,False
J142742.763+005748.15,216.928182,0.963375,C,NN,False
J142800.546+024105.68,217.002279,2.684912,C,NN,False
J142809.601+001207.88,217.040008,0.20219,C,AL+NN,True
J142809.634+001210.37,217.040144,0.202881,C,AL,False
J142814.960+022923.93,217.062336,2.489982,C,NN,False
J142946.401+025000.63,217.443338,2.833511,C,NN,False
J143152.022-022249.44,217.966761,-2.380402,C,NN,False
J143308.831-013502.69,218.286797,-1.584082,C,NN,False
J143346.443-010445.40,218.443515,-1.079278,C,NN,False
J143351.157-015719.33,218.463155,-1.955371,C,NN,False
J143357.350-001846.32,218.48896,-0.312867,C,AL,False
J143405.207+023304.30,218.521696,2.551196,C,AL+NN,False
J143540.235+012133.90,218.917647,1.359419,C,NN,False
J143609.029-011945.87,219.037621,-1.32941,C,NN,False
J143657.506+010622.02,219.239609,1.106117,C,NN,False
J143853.247+003008.30,219.721864,0.502308,C,NN,False
J143853.432+003009.14,219.722636,0.502539,C,NN,False
J143938.974-000548.95,219.912395,-0.096932,C,AL+NN,False
J144014.479+001205.33,220.060332,0.201482,C,NN,False
J144038.305-013603.98,220.159607,-1.601107,C,NN,False
J144148.247+010505.29,220.451031,1.084805,C,AL+NN,False
J144154.736+010030.61,220.47807,1.008504,C,NN,False
J144211.391+001438.07,220.547466,0.243911,C,NN,False
J144340.907-022533.32,220.920447,-2.425924,C,NN,False
J144357.047-011030.17,220.987697,-1.175049,C,AL+NN,False
J144409.945+004554.17,221.041441,0.76505,C,NN,False
J144453.483+023107.54,221.222849,2.518762,C,AL+NN,False
J144504.000-015010.22,221.26667,-1.836175,C,NN,True
J144722.544-032505.80,221.843937,-3.418278,C,NN,False
J144724.885-010651.84,221.853689,-1.1144,C,NN,False
J144737.643+013345.31,221.906846,1.562588,C,NN,False
J145002.621-024415.59,222.510925,-2.737666,C,NN,False
J145041.151+011050.24,222.671464,1.180624,C,NN,False
J145242.412+003425.65,223.176719,0.573792,C,NN,False
J145247.818-012545.44,223.199244,-1.42929,C,NN,False
J145315.160+004819.02,223.313169,0.805286,C,NN,False
J145415.663+003327.99,223.565264,0.557777,C,NN,False
J145429.125+023445.28,223.621358,2.579246,C,NN,False
J145455.093-013102.90,223.729556,-1.517474,C,NN,False
J145517.268-002358.26,223.821952,-0.399519,C,NN,False
J145543.689-005223.55,223.932038,-0.87321,C,NN,False
J145610.002+002957.23,224.041679,0.499233,C,NN,False
J145646.652-000051.75,224.194385,-0.014375,C,NN,False
J145654.762+021211.48,224.228176,2.203189,C,NN,False
J145657.132+013657.23,224.238051,1.615899,C,NN,False
J145811.535-020911.21,224.548065,-2.153116,C,NN,False
J145947.010-022537.80,224.945878,-2.427167,C,NN,False
J150134.994-013542.55,225.395811,-1.595154,C,NN,False
J150307.211-000018.31,225.780047,-0.005088,C,NN,False
J150616.550+010232.66,226.56896,1.042408,C,NN,False
J150742.325+011821.34,226.926358,1.305929,C,NN,False
J150929.262-002305.43,227.371928,-0.384843,C,NN,False
J151015.335+012232.42,227.563897,1.375675,C,NN,False
J151028.241-003117.32,227.617673,-0.521478,C,NN,False
J151040.422-003915.01,227.668428,-0.654172,C,NN,False
J151132.407-002536.99,227.885031,-0.426944,C,NN,False
J151158.368-005247.22,227.993201,-0.879786,C,NN,False
J151225.482-005709.57,228.106179,-0.952661,C,NN,False
J151402.126+013742.21,228.508859,1.628394,C,NN,False
J151428.774+025027.81,228.619895,2.84106,C,NN,False
J151432.102-012349.51,228.633759,-1.397087,C,NN,False
J151444.047-014253.52,228.683533,-1.714868,C,NN,False
J151523.831-010858.44,228.849296,-1.149567,C,NN,False
J151634.988-000400.37,229.145784,-0.066772,C,NN,False
J151647.399-012519.99,229.197496,-1.422222,C,NN,False
J151908.545-005112.71,229.785606,-0.853531,C,NN,False
J152154.065+021119.95,230.475272,2.188876,C,NN,False
J152220.989+002237.44,230.587457,0.377068,C,NN,False
J152436.705+012024.34,231.152938,1.340095,C,NN,False
J152505.953-012144.97,231.274807,-1.362492,C,AL+NN,False
J152603.755+021515.76,231.515649,2.25438,C,NN,False
J152750.828-010207.17,231.961787,-1.035327,C,AL+NN,False
J152843.376+021945.94,232.180735,2.329428,C,NN,False
J152907.871+011033.33,232.282798,1.175925,C,NN,False
J152922.948-005038.79,232.34562,-0.844111,C,NN,False
J152925.219+003355.45,232.355082,0.565404,C,AL,False
J153039.744+015335.98,232.665603,1.893329,C,NN,False
J153205.116+015828.95,233.021318,1.974709,C,NN,False
J153300.970+004739.04,233.254045,0.794178,C,NN,False
J153446.893+013424.59,233.69539,1.5735,C,NN,False
J153519.970+002544.41,233.833212,0.429005,C,NN,False
J153759.388+024936.90,234.497451,2.826917,C,NN,False
J154012.837+021322.33,235.053489,2.22287,C,NN,False
J154031.292+004143.16,235.130386,0.695325,C,NN,False
J154055.718+023622.48,235.232159,2.606247,C,NN,False
J154108.489+024527.05,235.285371,2.757516,C,NN,False
J154111.418-002914.85,235.297577,-0.48746,C,NN,False
J154146.370+021426.73,235.443209,2.240761,C,NN,False
J154217.121+011054.24,235.571338,1.181734,C,NN,False
J154241.669-011238.61,235.673623,-1.210727,C,NN,False
J154242.087+024957.44,235.675366,2.832624,C,NN,False
J154313.132-011818.44,235.80472,-1.305123,C,AL+NN,False
J154407.980-014703.38,236.033254,-1.784273,C,NN,False
J154445.624+011227.07,236.190102,1.207521,C,NN,False
J154510.431-015626.99,236.293466,-1.940832,C,NN,False
J154642.652-012208.72,236.67772,-1.369089,C,NN,False
J154801.991+003428.84,237.0083,0.574679,C,NN,False
J155050.699+025427.24,237.711249,2.907569,C,NN,False
J155238.973+005816.94,238.162391,0.971375,C,NN,False
J215526.557-322446.36,328.860658,-32.412878,C,NN,False
J215724.587-264649.32,329.352446,-26.780367,C,NN,False
J215742.457-272628.82,329.426908,-27.44134,C,NN,False
J215840.294-264512.69,329.667894,-26.753527,C,NN,False
J220037.982-265408.10,330.158262,-26.902252,C,NN,False
J220123.499-350127.18,330.347914,-35.024219,C,NN,False
J220220.712-320300.69,330.586302,-32.050194,C,NN,False
J220227.857-351059.31,330.616074,-35.183142,C,NN,False
J220252.038-332344.46,330.716827,-33.395684,C,NN,False
J220353.293-264744.55,330.972056,-26.795711,C,AL+NN,False
J220547.754-294904.52,331.448978,-29.817923,C,NN,False
J220632.488-322157.54,331.635367,-32.365984,C,NN,False
J220728.317-324409.62,331.867988,-32.736008,C,NN,False
J220918.296-330838.74,332.326235,-33.144096,C,NN,False
J220956.825-265125.41,332.486773,-26.85706,C,NN,False
J221039.386-281741.13,332.66411,-28.294761,C,NN,False
J221110.325-282305.90,332.793022,-28.384974,C,NN,False
J221110.622-282306.14,332.794262,-28.38504,C,NN,False
J221137.086-344017.70,332.904525,-34.671586,C,NN,False
J221246.688-300420.18,333.194536,-30.072273,C,NN,False
J221316.199-285946.89,333.317497,-28.996359,C,AL,False
J221325.674-285513.46,333.356976,-28.920407,C,AL,False
J221641.496-295630.20,334.1729,-29.941724,C,NN,False
J221740.678-284312.39,334.419495,-28.720109,C,AL,False
J221812.855-274653.21,334.553564,-27.781448,C,AL+NN,False
J221816.934-265250.52,334.57056,-26.8807,C,NN,False
J221836.238-330617.74,334.650994,-33.104929,C,NN,False
J221855.580-323904.32,334.731584,-32.651201,C,NN,False
J221957.030-292131.31,334.987627,-29.358698,C,AL+NN,False
J222004.738-291333.07,335.019745,-29.225854,C,AL,False
J222044.263-275107.80,335.184433,-27.852167,C,NN,False
J222059.184-313703.71,335.246603,-31.6177,C,NN,False
J222155.169-333103.83,335.479873,-33.517733,C,AL,False
J222156.665-305845.01,335.486106,-30.979172,C,NN,False
J222300.838-351622.46,335.753495,-35.272908,C,NN,False
J222301.466-282702.03,335.75611,-28.450564,C,NN,False
J222321.747-344429.15,335.840614,-34.741433,C,AL,False
J222339.997-344600.27,335.916656,-34.766742,C,NN,False
J222358.170-290121.11,335.992379,-29.022531,C,NN,False
J222420.089-275030.34,336.083708,-27.841762,C,AL+NN,False
J222442.610-281742.19,336.177542,-28.295053,C,AL+NN,False
J222444.054-302534.95,336.183562,-30.426377,C,NN,False
J222505.901-333131.91,336.274589,-33.525532,C,AL+NN,False
J222549.651-312638.39,336.456881,-31.443999,C,NN,False
J222556.735-344051.52,336.486398,-34.68098,C,NN,False
J222607.829-282028.60,336.532621,-28.341279,C,AL+NN,False
J222637.244-284959.48,336.655185,-28.833189,C,NN,False
J222720.158-341311.79,336.833992,-34.219944,C,NN,False
J222736.140-331555.82,336.900585,-33.265508,C,NN,False
J222736.588-315435.65,336.902454,-31.909904,C,NN,False
J222744.632-351919.41,336.93597,-35.322061,C,AL+NN,False
J222755.523-324206.55,336.981346,-32.70182,C,AL+NN,False
J222756.169-315751.19,336.984038,-31.96422,C,NN,False
J222830.286-300201.69,337.126192,-30.033803,C,NN,False
J222914.891-290541.66,337.312047,-29.094906,C,AL+NN,False
J222916.835-304349.71,337.320147,-30.730476,C,NN,False
J222918.816-290656.23,337.328403,-29.115622,C,NN,False
J222922.605-303716.04,337.344189,-30.621125,C,AL+NN,False
J223020.322-280530.78,337.584679,-28.091885,C,NN,False
J223050.141-285304.34,337.708922,-28.88454,C,NN,False
J223058.537-291024.31,337.743905,-29.173421,C,NN,False
J223110.298-292646.10,337.792911,-29.446139,C,NN,False
J223128.734-294624.24,337.869726,-29.773402,C,NN,False
J223155.750-284128.15,337.982295,-28.691155,C,NN,False
J223214.160-274842.51,338.059004,-27.811811,C,NN,False
J223234.002-280841.97,338.141675,-28.144992,C,NN,False
J223323.069-344649.76,338.346124,-34.780489,C,NN,False
J223344.112-290045.05,338.433801,-29.012514,C,NN,False
J223437.681-352336.87,338.657007,-35.393576,C,NN,False
J223524.117-283049.93,338.850488,-28.513871,C,NN,False
J223559.976-305844.17,338.999901,-30.978937,C,NN,False
J223754.406-281415.12,339.476694,-28.237534,C,NN,False
J223754.539-281829.53,339.477249,-28.308204,C,NN,False
J223843.419-340623.09,339.680914,-34.106414,C,AL+NN,False
J223947.778-341011.84,339.949077,-34.169956,C,AL,False
J224029.645-303533.23,340.123521,-30.592566,C,NN,False
J224045.841-290144.35,340.191008,-29.028987,C,AL+NN,False
J224450.224-291745.12,341.20927,-29.295867,C,NN,False
J224632.158-350056.28,341.633992,-35.015634,C,NN,False
J224647.975-314448.22,341.699898,-31.746729,C,AL+NN,False
J224749.816-352210.89,341.957567,-35.369692,C,NN,False
J224750.395-313245.83,341.959983,-31.546066,C,AL+NN,False
J224912.526-340921.00,342.302193,-34.155834,C,NN,False
J224933.434-324610.97,342.389309,-32.769714,C,NN,False
J225001.322-333910.70,342.505511,-33.652975,C,NN,False
J225002.138-334408.62,342.508912,-33.735729,C,NN,False
J225105.734-275525.66,342.773892,-27.923797,C,NN,False
J225206.810-283426.53,343.028376,-28.574038,C,NN,False
J225233.736-280140.40,343.140569,-28.027891,C,NN,False
J225252.401-332148.70,343.21834,-33.36353,C,NN,False
J225301.416-302010.79,343.255902,-30.336333,C,NN,False
J225313.345-341920.85,343.305606,-34.322459,C,NN,False
J225336.255-352918.15,343.401065,-35.488377,C,AL,False
J225342.161-312508.17,343.425673,-31.418938,C,NN,False
J225349.750-335927.15,343.457293,-33.990877,C,NN,False
J225403.090-334721.80,343.512876,-33.789389,C,AL+NN,False
J225428.790-351811.80,343.61996,-35.30328,C,NN,False
J225539.106-312217.83,343.912943,-31.37162,C,NN,False
J225658.911-332745.11,344.245464,-33.462531,C,NN,False
J225701.369-322158.44,344.255706,-32.366235,C,NN,False
J225838.840-301326.02,344.661835,-30.223897,C,NN,False
J230101.417-333015.72,345.255907,-33.504368,C,NN,False
J230106.666-313503.92,345.277778,-31.584425,C,NN,False
J230131.342-351556.26,345.380592,-35.265628,C,AL,False
J230137.459-291421.67,345.406082,-29.239354,C,NN,False
J230224.659-335001.59,345.602746,-33.833775,C,NN,False
J230232.498-322604.28,345.635409,-32.434524,C,NN,False
J230238.552-335918.49,345.660634,-33.988471,C,NN,False
J230412.099-300952.43,346.050414,-30.164564,C,AL+NN,False
J230421.269-335230.50,346.088622,-33.875141,C,NN,False
J230449.500-292810.85,346.20625,-29.469683,C,NN,False
J230558.824-280141.52,346.495104,-28.028202,C,NN,False
J230558.909-280139.64,346.495455,-28.02768,C,NN,False
J230615.258-280536.83,346.563577,-28.093565,C,NN,False
J230621.751-335937.99,346.590632,-33.993887,C,NN,False
J230715.537-322753.84,346.814741,-32.464957,C,AL,False
J230822.605-284343.21,347.094188,-28.72867,C,AL,False
J230831.373-305949.16,347.130721,-30.996991,C,NN,False
J230833.072-344632.57,347.137801,-34.775714,C,NN,False
J231000.768-330702.75,347.503202,-33.117431,C,NN,False
J231034.864-285329.78,347.645268,-28.891607,C,NN,False
J231123.952-335259.73,347.849804,-33.88326,C,NN,False
J231211.638-321040.19,348.048493,-32.177833,C,AL+NN,False
J231243.837-283344.59,348.182657,-28.562388,C,NN,False
J231321.608-335810.08,348.340034,-33.969469,C,NN,False
J231344.644-314959.41,348.436017,-31.833172,C,AL+NN,False
J231449.697-295153.86,348.707073,-29.864963,C,NN,False
J231453.678-324651.83,348.72366,-32.781064,C,NN,False
J231632.025-333246.80,349.133439,-33.546335,C,NN,False
J231651.967-294753.31,349.216533,-29.798144,C,NN,False
J231735.157-293116.17,349.396489,-29.521161,C,NN,False
J231742.958-334340.81,349.428994,-33.728004,C,AL+NN,False
J231823.929-331029.15,349.599707,-33.174765,C,NN,False
J231907.973-293115.45,349.783223,-29.52096,C,NN,False
J231917.469-285953.78,349.82279,-28.998275,C,NN,False
J232034.924-341216.79,350.145519,-34.204664,C,NN,False
J232045.438-302440.57,350.189326,-30.41127,C,NN,False
J232128.815-284527.17,350.370063,-28.757548,C,NN,False
J232155.574-315008.96,350.481559,-31.835824,C,NN,False
J232319.548-281107.11,350.831452,-28.185309,C,NN,False
J232327.867-320216.27,350.866116,-32.037855,C,NN,False
J232345.152-275550.92,350.938135,-27.930813,C,NN,False
J232404.618-321559.01,351.019245,-32.266392,C,NN,False
J232410.635-291042.35,351.044313,-29.178433,C,NN,False
J232411.679-320847.71,351.048665,-32.146588,C,NN,False
J232429.147-311237.82,351.121449,-31.210508,C,NN,False
J232436.077-281245.48,351.150325,-28.212634,C,NN,False
J232451.138-323007.00,351.213076,-32.501945,C,NN,False
J232649.096-302131.67,351.704569,-30.3588,C,NN,False
J232702.071-313249.44,351.758632,-31.547069,C,NN,False
J232732.716-312813.78,351.886318,-31.470496,C,NN,False
J232738.611-274446.82,351.910883,-27.746341,C,NN,False
J232824.424-274719.78,352.10177,-27.788828,C,NN,False
J232841.151-341923.20,352.171464,-34.323112,C,NN,False
J232915.461-332409.48,352.314421,-33.402635,C,NN,False
J232935.306-313319.94,352.397112,-31.555541,C,NN,False
J232959.002-280241.22,352.495844,-28.044784,C,NN,False
J233027.010-345625.45,352.612542,-34.940404,C,NN,False
J233034.034-332544.05,352.641812,-33.428905,C,NN,False
J233034.054-283722.01,352.641893,-28.622783,C,NN,False
J233046.298-282100.81,352.692912,-28.350226,C,NN,False
J233054.106-305440.65,352.725445,-30.911294,C,NN,False
J233157.197-343304.36,352.988324,-34.551212,C,AL,False
J233239.846-332328.96,353.166027,-33.39138,C,NN,False
J233249.097-322803.20,353.204574,-32.467558,C,AL+NN,False
J233401.150-342505.15,353.504795,-34.418099,C,AL+NN,False
J233434.177-275919.40,353.642406,-27.988723,C,NN,False
J233439.077-310506.21,353.662824,-31.085061,C,NN,False
J233443.051-325506.70,353.679381,-32.91853,C,NN,False
J233445.983-343814.99,353.691597,-34.637498,C,AL,False
J233501.191-335744.85,353.754963,-33.96246,C,NN,False
J233506.537-311852.29,353.777238,-31.314527,C,NN,False
J233620.609-325008.43,354.085874,-32.835677,C,NN,False
J233629.102-312559.84,354.121262,-31.433291,C,NN,False
J233718.781-303048.70,354.328256,-30.513528,C,NN,False
J233803.118-352835.99,354.512993,-35.476664,C,NN,False
J233843.439-333012.96,354.680997,-33.503601,C,AL+NN,False
J233845.825-310259.55,354.690941,-31.049877,C,NN,False
J233902.421-341951.49,354.76009,-34.330972,C,NN,False
J233956.522-315815.57,354.985509,-31.970994,C,NN,False
J233958.644-300857.81,354.994352,-30.149393,C,NN,False
J234010.366-304257.88,355.043193,-30.716078,C,NN,False
J234010.487-304256.61,355.043698,-30.715726,C,NN,False
J234017.041-320821.22,355.071008,-32.13923,C,AL,False
J234021.277-312705.68,355.088658,-31.45158,C,NN,False
J234053.080-340946.09,355.221169,-34.162803,C,AL,False
J234102.131-323535.82,355.258881,-32.593284,C,AL+NN,False
J234130.899-330412.47,355.378748,-33.070133,C,AL+NN,False
J234137.929-302328.49,355.408039,-30.391249,C,NN,False
J234146.648-301054.18,355.444368,-30.181719,C,NN,False
J234227.090-320607.60,355.612877,-32.102112,C,NN,False
J234341.284-295707.48,355.922019,-29.95208,C,NN,False
J234359.742-331304.42,355.998927,-33.217896,C,NN,False
J234409.536-312704.74,356.039736,-31.451317,C,NN,False
J234438.405-343248.71,356.160023,-34.546865,C,NN,False
J234449.773-305518.08,356.207389,-30.921691,C,NN,False
J234519.411-334101.82,356.330881,-33.683841,C,NN,False
J234628.064-321830.54,356.616934,-32.308484,C,AL,False
J234658.631-335746.26,356.744297,-33.962851,C,AL,False
J234700.141-305633.99,356.750588,-30.942776,C,NN,False
J234800.374-335908.33,357.00156,-33.985648,C,NN,False
J234801.347-304446.61,357.005613,-30.746282,C,NN,False
J234830.004-352726.93,357.125018,-35.457481,C,NN,False
J234909.161-334111.31,357.288174,-33.686476,C,NN,False
J235057.617-342455.91,357.740074,-34.415532,C,NN,True
J235103.333-313621.76,357.763888,-31.606046,C,AL+NN,False
J235216.290-322330.32,358.067879,-32.391757,C,NN,False
J235255.478-291728.16,358.23116,-29.291158,C,NN,True
J235302.933-284311.53,358.262223,-28.71987,C,NN,False
J235326.450-283103.95,358.360211,-28.517765,C,NN,False
J235348.629-303742.89,358.452621,-30.628583,C,NN,False
J235407.582-320859.49,358.531592,-32.149859,C,AL,False
J235423.822-345457.05,358.59926,-34.915848,C,NN,False
J235506.056-351809.09,358.775236,-35.302525,C,AL+NN,False
J235510.118-330820.53,358.792159,-33.139038,C,NN,False
J235621.349-323907.62,359.088955,-32.652119,C,NN,False
J235621.920-281107.80,359.091337,-28.185501,C,NN,False
J235808.994-341849.26,359.537479,-34.313684,C,NN,False
J235821.389-352842.09,359.589121,-35.478361,C,NN,False
J235821.448-352839.78,359.589369,-35.477718,C,NN,False
J235828.322-324655.45,359.618012,-32.782071,C,NN,False
J235859.814-284301.77,359.749226,-28.71716,C,NN,False
